Category,Technology
Ad Servers,24-7 Media
Ad Servers,AdButler
Ad Servers,Adform
Ad Servers,Altitude ARENA
Ad Servers,Atlas by Facebook
Ad Servers,DoubleClick
Ad Servers,E-planning
Ad Servers,Emediate
Ad Servers,Epom
Ad Servers,FreeWheel
Ad Servers,Google Ad Manager
Ad Servers,MicroAd
Ad Servers,Open AdStream
Ad Servers,Sizmek
Ad Servers,Smart AdServer
Ad Servers,Switch Concepts
Ad Servers,Weborama
Advertising Networks,3XChange
Advertising Networks,41Ads
Advertising Networks,Ad Dynamo
Advertising Networks,Ad Unit 320 x 50
Advertising Networks,Adara
Advertising Networks,Adgoal
Advertising Networks,Adition Technologies - Advertisers
Advertising Networks,AdParlor
Advertising Networks,AdSpeed
Advertising Networks,Adswizz
Advertising Networks,Advertising.com
Advertising Networks,AdWerx
Advertising Networks,Amazon Advertising
Advertising Networks,Amazon AMS
Advertising Networks,Amobee
Advertising Networks,Baidu Ads
Advertising Networks,Bidtellect
Advertising Networks,BlogHer
Advertising Networks,Boo-box
Advertising Networks,Carbon
Advertising Networks,Celtra
Advertising Networks,Chitika
Advertising Networks,Choozle
Advertising Networks,CitrusAd
Advertising Networks,Clicksor
Advertising Networks,Collective Media
Advertising Networks,Complex Media Network
Advertising Networks,Conversant
Advertising Networks,CPMStar
Advertising Networks,CPX Interactive
Advertising Networks,Criteo for Advertisers
Advertising Networks,Cross Pixel Media
Advertising Networks,Datonics
Advertising Networks,DoubleClick Conversion
Advertising Networks,Dstillery
Advertising Networks,Ezakus
Advertising Networks,FederatedMedia
Advertising Networks,Flashtalking
Advertising Networks,Flite
Advertising Networks,Fluid Ads
Advertising Networks,ForensIQ
Advertising Networks,Glam Media
Advertising Networks,Google AdMob
Advertising Networks,Google Ads
Advertising Networks,Google AdSense
Advertising Networks,Google AdSense for Domains
Advertising Networks,Gorilla Nation
Advertising Networks,Groundtruth
Advertising Networks,Gumgum
Advertising Networks,Hi-Media Performance
Advertising Networks,IndustryBrains
Advertising Networks,Infolinks
Advertising Networks,InMobi
Advertising Networks,Integral Ad Science
Advertising Networks,Intent Media
Advertising Networks,Interclick
Advertising Networks,ironSource
Advertising Networks,Kevel
Advertising Networks,Kiosked
Advertising Networks,Kontera
Advertising Networks,LifeStreet Media
Advertising Networks,Ligatus
Advertising Networks,LinkedIn Ads
Advertising Networks,Linkedin Marketing Solutions
Advertising Networks,MagnetVideo
Advertising Networks,Marchex
Advertising Networks,Marketron
Advertising Networks,MediaLets
Advertising Networks,MGID
Advertising Networks,Microsoft Advertising
Advertising Networks,Moat
Advertising Networks,Onscroll
Advertising Networks,OpenX
Advertising Networks,OwnerIQ
Advertising Networks,ProclivityMedia
Advertising Networks,PulsePoint
Advertising Networks,Quartic
Advertising Networks,Radial
Advertising Networks,ReactX
Advertising Networks,redvertisement
Advertising Networks,Respond
Advertising Networks,Revcontent
Advertising Networks,Right Media
Advertising Networks,Say Media
Advertising Networks,Scupio
Advertising Networks,Specific Media
Advertising Networks,StackAdapt
Advertising Networks,Technorati
Advertising Networks,TikTok Ads
Advertising Networks,Tradedoubler
Advertising Networks,TribalFusion
Advertising Networks,TripleLift
Advertising Networks,Twitter Ads
Advertising Networks,Undertone
Advertising Networks,ValueClick Mediaplex
Advertising Networks,Vibrant Media
Advertising Networks,Viewable Media
Advertising Networks,WebSpectator
Advertising Networks,Wider Planet
Advertising Networks,Xaxis
Advertising Networks,Yahoo Ad Manager
Advertising Networks,Yahoo! Japan Promotional Ads
Advertising Networks,YieldBot
Advertising Networks,Yieldmo
Advertising Networks,Znaptag
Advertising Networks,Aarki
Advertising Networks,AcuityAds
Advertising Networks,Ad Lightning
Advertising Networks,Adalyser
Advertising Networks,Adcash
Advertising Networks,Adex
Advertising Networks,AdGlare
Advertising Networks,AdInfinity
Advertising Networks,Admixer
Advertising Networks,Admo.tv
Advertising Networks,Admost
Advertising Networks,Adnegah
Advertising Networks,AdRiver
Advertising Networks,AdScale
Advertising Networks,Advally
Advertising Networks,Advert Stream
Advertising Networks,Adverticum
Advertising Networks,Anetwork
Advertising Networks,Aniview Ad Server
Advertising Networks,Anura
Advertising Networks,AnyClip
Advertising Networks,Appier
Advertising Networks,APPLOVIN
Advertising Networks,Audiohook
Advertising Networks,Automatad
Advertising Networks,Beeswax
Advertising Networks,Bidmatic
Advertising Networks,BittAds
Advertising Networks,BlokID
Advertising Networks,Broadstreet
Advertising Networks,Clickaine
Advertising Networks,Clickbrainiacs
Advertising Networks,ClickFreeze
Advertising Networks,ClickGUARD
Advertising Networks,Clicktripz
Advertising Networks,Cluep
Advertising Networks,Collective Audience
Advertising Networks,Concert
Advertising Networks,Container Media Group
Advertising Networks,Dable
Advertising Networks,DanAds
Advertising Networks,Dealer Spike
Advertising Networks,District M
Advertising Networks,Dolead
Advertising Networks,DoubleClick Ad Exchange
Advertising Networks,DoubleClick Campaign Manager
Advertising Networks,DoubleClick for Publishers
Advertising Networks,DynAd
Advertising Networks,eRate
Advertising Networks,EthicalAds
Advertising Networks,Excel Impact
Advertising Networks,Exit Bee
Advertising Networks,ExoClick
Advertising Networks,FastTony
Advertising Networks,Felmat
Advertising Networks,FirstImpression.io
Advertising Networks,Fusion Ads
Advertising Networks,Geniee
Advertising Networks,GenieWords
Advertising Networks,Hashtag Labs
Advertising Networks,Header Bidding Ai
Advertising Networks,HypeLab
Advertising Networks,i-mobile
Advertising Networks,ID5
Advertising Networks,Innovid Advertising Measurement
Advertising Networks,Internet Brands
Advertising Networks,JuicyAds
Advertising Networks,Klickly
Advertising Networks,Kueez
Advertising Networks,Leadbit
Advertising Networks,LiveRamp DPM
Advertising Networks,LKQD
Advertising Networks,MainAd
Advertising Networks,Manatee
Advertising Networks,Mantis
Advertising Networks,Mediavine
Advertising Networks,MNTN
Advertising Networks,Mountain
Advertising Networks,Nextdoor Ads
Advertising Networks,OneTag
Advertising Networks,ONiAD
Advertising Networks,Podsights
Advertising Networks,Premion
Advertising Networks,Primis
Advertising Networks,Project Wonderful
Advertising Networks,PubGuru
Advertising Networks,Publy
Advertising Networks,Pubstack
Advertising Networks,PurpleAds
Advertising Networks,Pushub
Advertising Networks,Q1Media
Advertising Networks,Quon
Advertising Networks,Rakuten Advertising
Advertising Networks,Reddit Ads
Advertising Networks,Relap
Advertising Networks,RevBid
Advertising Networks,RevJet
Advertising Networks,Rontar
Advertising Networks,SabaVision
Advertising Networks,Sixads
Advertising Networks,Snap Pixel
Advertising Networks,snigel AdEngine
Advertising Networks,Sortable
Advertising Networks,SpotX
Advertising Networks,STN Video
Advertising Networks,Sublime
Advertising Networks,Swoop
Advertising Networks,Tapsell
Advertising Networks,The Arena Group
Advertising Networks,The Monetyzer
Advertising Networks,Thor-Media
Advertising Networks,TrafficGuard
Advertising Networks,TrafficStars
Advertising Networks,Twiago
Advertising Networks,Upravel
Advertising Networks,Utiq
Advertising Networks,Valuad
Advertising Networks,VDX.tv
Advertising Networks,Veoxa
Advertising Networks,Verizon Media
Advertising Networks,VerticalScope
Advertising Networks,Vidazoo
Advertising Networks,Wehaa
Advertising Networks,WordAds
Advertising Networks,Yahoo Advertising
Advertising Networks,Yektanet
Advertising Networks,Yieldlab
Advertising Networks,Basis Technologies
Affiliate Advertising Network,AdBay
Affiliate Advertising Network,Adoric
Affiliate Advertising Network,AdPilot
Affiliate Advertising Network,Affilinet
Affiliate Advertising Network,Affise
Affiliate Advertising Network,Amazon Associates
Affiliate Advertising Network,AvantLink
Affiliate Advertising Network,Awin
Affiliate Advertising Network,CJ Affiliate
Affiliate Advertising Network,Commission Junction
Affiliate Advertising Network,ContentClick
Affiliate Advertising Network,Deqwas
Affiliate Advertising Network,iDevAffiliate
Affiliate Advertising Network,impact.com
Affiliate Advertising Network,LeadDyno
Affiliate Advertising Network,Linkconnector
Affiliate Advertising Network,Linkshare
Affiliate Advertising Network,Opt-Intelligence
Affiliate Advertising Network,Partnerize
Affiliate Advertising Network,PartnerStack
Affiliate Advertising Network,Postpresso
Affiliate Advertising Network,Rakuten Affiliate Network
Affiliate Advertising Network,Refersion
Affiliate Advertising Network,RewardStyle
Affiliate Advertising Network,ShareASale
Affiliate Advertising Network,SkimLinks
Affiliate Advertising Network,TradeTracker
Affiliate Advertising Network,Vantage Media
Affiliate Advertising Network,Webgains
Affiliate Advertising Network,Yieldkit
Affiliate Advertising Network,A8.net
Affiliate Advertising Network,AccessTrade
Affiliate Advertising Network,Admitad
Affiliate Advertising Network,Affilae
Affiliate Advertising Network,Affiliate B
Affiliate Advertising Network,Affiliate Future
Affiliate Advertising Network,Affiliatly
Affiliate Advertising Network,Affilio
Affiliate Advertising Network,Affilo
Affiliate Advertising Network,Aklamio
Affiliate Advertising Network,Booking.com
Affiliate Advertising Network,Cellxpert
Affiliate Advertising Network,Clickbank
Affiliate Advertising Network,CloudSponge
Affiliate Advertising Network,ContextBar
Affiliate Advertising Network,Convertiser
Affiliate Advertising Network,Coopt
Affiliate Advertising Network,Digistore24
Affiliate Advertising Network,Dovetale
Affiliate Advertising Network,Duel
Affiliate Advertising Network,EarlyParrot
Affiliate Advertising Network,eBay Partner Network
Affiliate Advertising Network,Effiliation
Affiliate Advertising Network,Evermos
Affiliate Advertising Network,FinanceAds
Affiliate Advertising Network,FirstPromoter
Affiliate Advertising Network,Flocktory
Affiliate Advertising Network,GoAffPro
Affiliate Advertising Network,JANet
Affiliate Advertising Network,Klook
Affiliate Advertising Network,Line2
Affiliate Advertising Network,Moshimo
Affiliate Advertising Network,Narrativ
Affiliate Advertising Network,Optimise
Affiliate Advertising Network,OSI Tracker
Affiliate Advertising Network,Partner Driven
Affiliate Advertising Network,Partnero
Affiliate Advertising Network,Peachs
Affiliate Advertising Network,Pepperjam
Affiliate Advertising Network,Profity
Affiliate Advertising Network,Rakuten
Affiliate Advertising Network,Reditus
Affiliate Advertising Network,Refericon
Affiliate Advertising Network,Referral Rocket
Affiliate Advertising Network,RevenueHunt
Affiliate Advertising Network,Rewardful
Affiliate Advertising Network,SaaSquatch
Affiliate Advertising Network,Sharpay
Affiliate Advertising Network,ShoutOut
Affiliate Advertising Network,Sovrn//Commerce
Affiliate Advertising Network,SparkLoop
Affiliate Advertising Network,Tapfiliate
Affiliate Advertising Network,The Rave
Affiliate Advertising Network,Tolt
Affiliate Advertising Network,TravelPayouts
Affiliate Advertising Network,TSA Commerce
Affiliate Advertising Network,ValueCommerce
Affiliate Advertising Network,Viral Loops
Affiliate Advertising Network,Zuberance
Analytics and Tracking,Dub
Analytics and Tracking,accessiBe
Analytics and Tracking,Acoustic Analytics
Analytics and Tracking,ActiveProspect
Analytics and Tracking,Adjust
Analytics and Tracking,Adloox
Analytics and Tracking,AdMetrics
Analytics and Tracking,Adobe Analytics
Analytics and Tracking,Adobe Campaign
Analytics and Tracking,Adobe Journey Optimizer
Analytics and Tracking,Adobe Marketo Measure
Analytics and Tracking,Adometry
Analytics and Tracking,Adomik
Analytics and Tracking,AFS Analytics
Analytics and Tracking,AgencyAnalytics
Analytics and Tracking,Alexa Metrics
Analytics and Tracking,Alteryx
Analytics and Tracking,Alteryx Server
Analytics and Tracking,Amazon CloudWatch
Analytics and Tracking,Amazon Kinesis
Analytics and Tracking,Amazon Kinesis Data Streams
Analytics and Tracking,Amazon Pinpoint
Analytics and Tracking,Amazon QuickSight
Analytics and Tracking,Amplitude
Analytics and Tracking,Apache Superset
Analytics and Tracking,Appier AIRIS
Analytics and Tracking,AppsFlyer
Analytics and Tracking,ArcGIS Image Server
Analytics and Tracking,ArcGIS Network Analyst
Analytics and Tracking,AT Internet
Analytics and Tracking,athenaOne
Analytics and Tracking,AudioEye
Analytics and Tracking,AvantMetrics
Analytics and Tracking,AWS Analytics
Analytics and Tracking,Azure Application Insights
Analytics and Tracking,Azure Data Explorer
Analytics and Tracking,Baidu Search Engine
Analytics and Tracking,Barracuda MSP
Analytics and Tracking,Bing Webmaster Tools
Analytics and Tracking,Bitly
Analytics and Tracking,Blue Triangle
Analytics and Tracking,Bombora Measurement
Analytics and Tracking,Botify
Analytics and Tracking,Braze
Analytics and Tracking,C3 Metrics
Analytics and Tracking,Cegid HR
Analytics and Tracking,Chartbeat
Analytics and Tracking,Chartio
Analytics and Tracking,Clarity SDM
Analytics and Tracking,ClearSaleing
Analytics and Tracking,CleverTap
Analytics and Tracking,Clickdensity
Analytics and Tracking,ClickMeter
Analytics and Tracking,ClickTale
Analytics and Tracking,Clicky
Analytics and Tracking,Cloudflare Insights
Analytics and Tracking,Compete
Analytics and Tracking,comScore
Analytics and Tracking,Contentsquare
Analytics and Tracking,ConvertCart
Analytics and Tracking,Convertro
Analytics and Tracking,Conviva Operational Data Platform
Analytics and Tracking,Coralogix
Analytics and Tracking,Coremetrics
Analytics and Tracking,Cornerstone HR
Analytics and Tracking,Countly
Analytics and Tracking,CrazyEgg
Analytics and Tracking,DashThis
Analytics and Tracking,Databricks
Analytics and Tracking,Datadog Dashboards
Analytics and Tracking,DC Storm
Analytics and Tracking,Decibel Insight
Analytics and Tracking,DemandBase
Analytics and Tracking,Demandware Analytics
Analytics and Tracking,DeviceAtlas
Analytics and Tracking,Drawbridge
Analytics and Tracking,DroneDeploy
Analytics and Tracking,DuckDuckGo
Analytics and Tracking,Dune Analytics
Analytics and Tracking,Eaglestats
Analytics and Tracking,Econda
Analytics and Tracking,Effective Measure
Analytics and Tracking,Elastic APM
Analytics and Tracking,Elastic Stack
Analytics and Tracking,EnergyCAP SmartAnalytics
Analytics and Tracking,Etracker
Analytics and Tracking,ExactMetrics
Analytics and Tracking,eXTReMe Tracker
Analytics and Tracking,Factors.AI
Analytics and Tracking,Fathom
Analytics and Tracking,Forsta
Analytics and Tracking,Foursquare Studio
Analytics and Tracking,Funnel
Analytics and Tracking,Gainsight PX
Analytics and Tracking,Gauges
Analytics and Tracking,Gemius
Analytics and Tracking,GeoGebra
Analytics and Tracking,GetSocial
Analytics and Tracking,Glassbox
Analytics and Tracking,Google Ads Conversion
Analytics and Tracking,Google Analytics
Analytics and Tracking,Google Analytics 4
Analytics and Tracking,Google Cloud Looker
Analytics and Tracking,Google Search Appliance
Analytics and Tracking,Google Search Console
Analytics and Tracking,Google Trends
Analytics and Tracking,GoSquared
Analytics and Tracking,GoStats
Analytics and Tracking,Grafana
Analytics and Tracking,Graylog
Analytics and Tracking,GRIN
Analytics and Tracking,HCL Unica NetInsight
Analytics and Tracking,HeapAnalytics
Analytics and Tracking,Hex
Analytics and Tracking,Histats
Analytics and Tracking,Hitslink
Analytics and Tracking,Hotjar
Analytics and Tracking,HotLog
Analytics and Tracking,IAPPS
Analytics and Tracking,IBM Cognos Analytics
Analytics and Tracking,InsightExpress
Analytics and Tracking,Improvely
Analytics and Tracking,Indicative
Analytics and Tracking,Infor Birst
Analytics and Tracking,InMoment Text Analytics
Analytics and Tracking,Inspectlet
Analytics and Tracking,Intergy
Analytics and Tracking,Keen
Analytics and Tracking,Kibana
Analytics and Tracking,KISSmetrics
Analytics and Tracking,Klipfolio
Analytics and Tracking,KNIME
Analytics and Tracking,Kochava
Analytics and Tracking,Korrelate
Analytics and Tracking,KYA
Analytics and Tracking,Leadfeeder
Analytics and Tracking,LeadsPedia
Analytics and Tracking,LeadsRx
Analytics and Tracking,LiveInternet
Analytics and Tracking,LogRocket
Analytics and Tracking,Loop11
Analytics and Tracking,Lucky Orange
Analytics and Tracking,Lytics
Analytics and Tracking,Matomo
Analytics and Tracking,MaxMind minFraud®
Analytics and Tracking,Meetrics
Analytics and Tracking,Metabase
Analytics and Tracking,Microsoft Application Insights
Analytics and Tracking,Microsoft Azure Monitor
Analytics and Tracking,Microsoft Clarity
Analytics and Tracking,Microsoft SQL Server Reporting Services
Analytics and Tracking,Mint
Analytics and Tracking,Mixpanel
Analytics and Tracking,Motigo
Analytics and Tracking,MouseFlow
Analytics and Tracking,Mutiny
Analytics and Tracking,New Relic Insights
Analytics and Tracking,NICE inContact
Analytics and Tracking,Nielsen NetRatings
Analytics and Tracking,OneStat
Analytics and Tracking,OpenProject
Analytics and Tracking,OpenTelemetry
Analytics and Tracking,OpenTracker
Analytics and Tracking,Optimal Workshop
Analytics and Tracking,Oracle Analytics Cloud
Analytics and Tracking,Oracle Reports
Analytics and Tracking,Oribi
Analytics and Tracking,Paradox.ai
Analytics and Tracking,Pathful
Analytics and Tracking,PatientPop
Analytics and Tracking,Pendo.
Analytics and Tracking,Performable
Analytics and Tracking,Piano Media
Analytics and Tracking,Pipedrive
Analytics and Tracking,Piwik PRO
Analytics and Tracking,Pmetrics
Analytics and Tracking,ProfitWell
Analytics and Tracking,Prowly
Analytics and Tracking,Prudsys
Analytics and Tracking,Ptengine
Analytics and Tracking,Quantcast
Analytics and Tracking,Quantcast Measure
Analytics and Tracking,Quantum Metric
Analytics and Tracking,Radarstats
Analytics and Tracking,RealTracker
Analytics and Tracking,Reinvigorate
Analytics and Tracking,Roistat
Analytics and Tracking,Salesforce Journey Builder
Analytics and Tracking,Salesforce Service Cloud
Analytics and Tracking,SalesLoft
Analytics and Tracking,Sardine
Analytics and Tracking,SAS Business Intelligence
Analytics and Tracking,SAS Visual Analytics
Analytics and Tracking,SAS Viya
Analytics and Tracking,Satori
Analytics and Tracking,ScorecardResearch
Analytics and Tracking,Sensor Tower
Analytics and Tracking,SessionCam
Analytics and Tracking,ShinyStat
Analytics and Tracking,Shop2Market
Analytics and Tracking,Showpad
Analytics and Tracking,Sift
Analytics and Tracking,Sisense
Analytics and Tracking,Data Analytics
Analytics and Tracking,SAP Analytics Cloud
Analytics and Tracking,Siteimprove
Analytics and Tracking,SiteMeter
Analytics and Tracking,Smartlook
Analytics and Tracking,Snoobi
Analytics and Tracking,Snowplow
Analytics and Tracking,Sooqr
Analytics and Tracking,Sophus 3 eMetrics
Analytics and Tracking,SpingMetrics
Analytics and Tracking,Spinnakr
Analytics and Tracking,Splunk
Analytics and Tracking,Splunk APM
Analytics and Tracking,Sprig
Analytics and Tracking,Springbot
Analytics and Tracking,StatCounter
Analytics and Tracking,Strategy (formerly MicroStrategy)
Analytics and Tracking,Sumologic
Analytics and Tracking,Supermetrics
Analytics and Tracking,SuperStats
Analytics and Tracking,Taboola Newsroom
Analytics and Tracking,Tapad
Analytics and Tracking,TapClicks
Analytics and Tracking,TARGIT Decision Suite
Analytics and Tracking,Thomas WebTrax
Analytics and Tracking,ThoughtSpot
Analytics and Tracking,ThreatMetrix
Analytics and Tracking,TopSpot
Analytics and Tracking,Totango
Analytics and Tracking,TraceLink
Analytics and Tracking,Track-It!
Analytics and Tracking,Trafic
Analytics and Tracking,trak.io
Analytics and Tracking,Tray.ai
Analytics and Tracking,TUNE
Analytics and Tracking,TVSquared
Analytics and Tracking,Twitter Analytics
Analytics and Tracking,Umbel
Analytics and Tracking,UptimeRobot
Analytics and Tracking,User Insight
Analytics and Tracking,USERcycle
Analytics and Tracking,UXCam
Analytics and Tracking,Verint
Analytics and Tracking,VisibleMeasures
Analytics and Tracking,VisitorTrack Predictive Marketing
Analytics and Tracking,Visual IQ
Analytics and Tracking,Visual Revenue
Analytics and Tracking,Vitally
Analytics and Tracking,Vizzit
Analytics and Tracking,W3Counter
Analytics and Tracking,Walkme
Analytics and Tracking,Webtraxs
Analytics and Tracking,Webtrekk
Analytics and Tracking,Webtrends
Analytics and Tracking,Webtrends Analytics for Sharepoint
Analytics and Tracking,WebVisor
Analytics and Tracking,Weights & Biases
Analytics and Tracking,whos.amung.us
Analytics and Tracking,Woorank
Analytics and Tracking,Wowanalytics
Analytics and Tracking,Yahoo Analytics
Analytics and Tracking,Yandex Metrica
Analytics and Tracking,Yellowfin BI
Analytics and Tracking,Youmeng +
Analytics and Tracking,Zift Solutions
Analytics and Tracking,Zoho Analytics
Analytics and Tracking,Zoomdata
Analytics and Tracking,52Degrees
Analytics and Tracking,Abralytics
Analytics and Tracking,Acecounter
Analytics and Tracking,Ackee
Analytics and Tracking,Acquia Personalization
Analytics and Tracking,Actirise
Analytics and Tracking,AdCalls
Analytics and Tracking,Adline
Analytics and Tracking,Ahoy
Analytics and Tracking,Airbridge
Analytics and Tracking,Akavita
Analytics and Tracking,Alloka
Analytics and Tracking,Alpharank
Analytics and Tracking,Analysys Ark
Analytics and Tracking,Analytick
Analytics and Tracking,AnalyticOwl
Analytics and Tracking,AnalyticsConnect
Analytics and Tracking,Analyzati
Analytics and Tracking,Analyzee
Analytics and Tracking,Analyzz
Analytics and Tracking,Attribution
Analytics and Tracking,Auryc
Analytics and Tracking,AutomatePro
Analytics and Tracking,AvidTrak
Analytics and Tracking,AWStats
Analytics and Tracking,Baidu Analytics
Analytics and Tracking,Baremetrics
Analytics and Tracking,Bazo
Analytics and Tracking,Better Replay
Analytics and Tracking,Beusable
Analytics and Tracking,Biano
Analytics and Tracking,BizSpring
Analytics and Tracking,Black Book
Analytics and Tracking,Burst
Analytics and Tracking,Cabin
Analytics and Tracking,CaliberMind
Analytics and Tracking,CallRoot
Analytics and Tracking,Capturly
Analytics and Tracking,Carrot quest
Analytics and Tracking,Castle
Analytics and Tracking,CatchJS
Analytics and Tracking,Clearbit Reveal
Analytics and Tracking,ClickHeat
Analytics and Tracking,Clickx
Analytics and Tracking,Cloudflare Browser Insights
Analytics and Tracking,CNZZ
Analytics and Tracking,Converdiant
Analytics and Tracking,Conversio
Analytics and Tracking,Cookie Assistant
Analytics and Tracking,Critical Mention
Analytics and Tracking,Databuddy
Analytics and Tracking,Datanyze
Analytics and Tracking,Dema
Analytics and Tracking,Deriv
Analytics and Tracking,Dexem
Analytics and Tracking,ECBB
Analytics and Tracking,EcomScout
Analytics and Tracking,Engagio
Analytics and Tracking,Enquisite
Analytics and Tracking,Everviz
Analytics and Tracking,ExactVisitor
Analytics and Tracking,Ezoic
Analytics and Tracking,Fastbase
Analytics and Tracking,FC2 Analyzer
Analytics and Tracking,FindGore
Analytics and Tracking,Fireside
Analytics and Tracking,Flurry Analytics
Analytics and Tracking,Friendly Analytics
Analytics and Tracking,FullContact
Analytics and Tracking,GoatCounter
Analytics and Tracking,Google Analytics Enhanced eCommerce
Analytics and Tracking,Google Call Conversion Tracking
Analytics and Tracking,GreenStory
Analytics and Tracking,GrowingIO
Analytics and Tracking,hantana
Analytics and Tracking,Highlight.io
Analytics and Tracking,Huberway Analytics
Analytics and Tracking,HubSpot Analytics
Analytics and Tracking,Humblytics
Analytics and Tracking,Hyros
Analytics and Tracking,INFOnline
Analytics and Tracking,Insignal
Analytics and Tracking,ip-label
Analytics and Tracking,Jarvis Analytics
Analytics and Tracking,June
Analytics and Tracking,Juvo Leads
Analytics and Tracking,Kilkaya
Analytics and Tracking,Koala
Analytics and Tracking,Konget
Analytics and Tracking,LeadBoxer
Analytics and Tracking,LEADIN
Analytics and Tracking,Leadinfo
Analytics and Tracking,LeadsSight
Analytics and Tracking,Leady
Analytics and Tracking,LeaseHawk
Analytics and Tracking,Linkedin Insight Tag
Analytics and Tracking,LinkMink
Analytics and Tracking,ListTrac
Analytics and Tracking,LiveSession
Analytics and Tracking,Logaholic
Analytics and Tracking,Lumino
Analytics and Tracking,Lumio
Analytics and Tracking,Marfeel
Analytics and Tracking,MarketPlan
Analytics and Tracking,Massflow
Analytics and Tracking,Matomo Analytics
Analytics and Tracking,Measured
Analytics and Tracking,Medallia
Analytics and Tracking,Metrics Key
Analytics and Tracking,MetricsCube
Analytics and Tracking,Metrilo
Analytics and Tracking,Modio
Analytics and Tracking,Monitus
Analytics and Tracking,Moostik
Analytics and Tracking,MyStat
Analytics and Tracking,Naver Analytics
Analytics and Tracking,Nemu
Analytics and Tracking,Nepcha Analytics
Analytics and Tracking,Netvibes
Analytics and Tracking,NexMind
Analytics and Tracking,Nimbata
Analytics and Tracking,NinjaCat
Analytics and Tracking,Nocodelytics
Analytics and Tracking,Noddus
Analytics and Tracking,Northbeam
Analytics and Tracking,OpenPanel
Analytics and Tracking,Oracle Infinity
Analytics and Tracking,Oracle Moat Measurement
Analytics and Tracking,Oracle Recommendations On Demand
Analytics and Tracking,ostr.io
Analytics and Tracking,Patient Prism
Analytics and Tracking,PatientLoop
Analytics and Tracking,PayPal Marketing Solutions
Analytics and Tracking,Peftrust
Analytics and Tracking,Peripl
Analytics and Tracking,Pinterest Conversion Tag
Analytics and Tracking,Plausible
Analytics and Tracking,Plerdy
Analytics and Tracking,Podkite
Analytics and Tracking,Polar Analytics
Analytics and Tracking,PostHog
Analytics and Tracking,Powster
Analytics and Tracking,PrimeGate
Analytics and Tracking,Proof Factor
Analytics and Tracking,Psyma
Analytics and Tracking,Publytics
Analytics and Tracking,Pubperf
Analytics and Tracking,Pyze
Analytics and Tracking,Qooqie
Analytics and Tracking,Quora Pixel
Analytics and Tracking,Quotemedia
Analytics and Tracking,Reactful
Analytics and Tracking,Realytics
Analytics and Tracking,Refix
Analytics and Tracking,Repro
Analytics and Tracking,Resonate
Analytics and Tracking,Reverse Market Insight
Analytics and Tracking,Riskified
Analytics and Tracking,Ronin Sport
Analytics and Tracking,Ruler Analytics
Analytics and Tracking,Rybbit
Analytics and Tracking,S&P Global Mobility
Analytics and Tracking,SalesReps.io
Analytics and Tracking,Say.ac
Analytics and Tracking,SealMetrics
Analytics and Tracking,SegmentStream
Analytics and Tracking,Seline
Analytics and Tracking,Sensai Metrics
Analytics and Tracking,Sensors Data
Analytics and Tracking,Sentifi
Analytics and Tracking,Session Rewind
Analytics and Tracking,SessionStack
Analytics and Tracking,Setrics
Analytics and Tracking,Simple Analytics
Analytics and Tracking,Sirge
Analytics and Tracking,Sistem
Analytics and Tracking,Site Kit
Analytics and Tracking,Sitefinity Insight
Analytics and Tracking,SkyGlue
Analytics and Tracking,Slingshot
Analytics and Tracking,Smartocto
Analytics and Tracking,SniffURL
Analytics and Tracking,Spectro
Analytics and Tracking,Splitbee
Analytics and Tracking,Spotzi
Analytics and Tracking,Sprocket
Analytics and Tracking,Stack Analytix
Analytics and Tracking,Statsig
Analytics and Tracking,SuperPluralAnalytics
Analytics and Tracking,Swagify
Analytics and Tracking,Swetrix
Analytics and Tracking,Syndeca
Analytics and Tracking,Synerise
Analytics and Tracking,Tallentor
Analytics and Tracking,Task Analytics
Analytics and Tracking,Tencent Analytics
Analytics and Tracking,TG Track
Analytics and Tracking,ThankYou Analytics
Analytics and Tracking,The Hotels Network
Analytics and Tracking,Thesis
Analytics and Tracking,TikTok Pixel
Analytics and Tracking,Tinybird
Analytics and Tracking,Topic Intelligence
Analytics and Tracking,Trackbee
Analytics and Tracking,Trackboxx
Analytics and Tracking,TrackFox
Analytics and Tracking,TrackJs
Analytics and Tracking,trackthemetric
Analytics and Tracking,UI Avenue
Analytics and Tracking,Umami
Analytics and Tracking,uMarketingSuite
Analytics and Tracking,user.com
Analytics and Tracking,UXSniff
Analytics and Tracking,Varos
Analytics and Tracking,Veonr
Analytics and Tracking,Vercel Analytics
Analytics and Tracking,Vercel Speed Insights
Analytics and Tracking,VersaTailor
Analytics and Tracking,VertaFlow Analytics
Analytics and Tracking,Vicomi
Analytics and Tracking,Vidora
Analytics and Tracking,VisitorVille
Analytics and Tracking,VK Pixel
Analytics and Tracking,VWO
Analytics and Tracking,W3 Ataiva
Analytics and Tracking,WatchThem
Analytics and Tracking,Weberlo
Analytics and Tracking,WebMetric
Analytics and Tracking,WeboLead
Analytics and Tracking,WebSTAT
Analytics and Tracking,WildJar
Analytics and Tracking,Wipe Analytics
Analytics and Tracking,Wisetracker
Analytics and Tracking,Wonder
Analytics and Tracking,WP-Statistics
Analytics and Tracking,Xzero Analytics
Analytics and Tracking,Yxper
Analytics and Tracking,Zentap
Analytics and Tracking,Zipkin
Analytics and Tracking,Placed
Analytics and Tracking,Branch
Analytics and Tracking,FullStory
Analytics and Tracking,Purple
Analytics and Tracking,Alexa Certified Site Metrics
Appointment Scheduling,17hats
Appointment Scheduling,4PatientCare
Appointment Scheduling,Acuity Scheduling
Appointment Scheduling,AdvancedMD
Appointment Scheduling,ANSOS
Appointment Scheduling,AppointmentPlus
Appointment Scheduling,Attendance on Demand
Appointment Scheduling,AVImark Rapport
Appointment Scheduling,Book4Time
Appointment Scheduling,Bookeo
Appointment Scheduling,Bookeo Appointments
Appointment Scheduling,BowNow
Appointment Scheduling,Calendly
Appointment Scheduling,Calendly for Sales
Appointment Scheduling,Chili Piper
Appointment Scheduling,ChiroTouch
Appointment Scheduling,ClearCare
Appointment Scheduling,Cliniko
Appointment Scheduling,Condeco
Appointment Scheduling,Cronofy
Appointment Scheduling,Dentalqore
Appointment Scheduling,Doodle
Appointment Scheduling,Doxy.me
Appointment Scheduling,Dubsado
Appointment Scheduling,eCentral
Appointment Scheduling,EpicCare Ambulatory
Appointment Scheduling,ezyVet
Appointment Scheduling,Flash Appointments
Appointment Scheduling,Floify
Appointment Scheduling,Front Desk Scheduling
Appointment Scheduling,Genbook
Appointment Scheduling,HotSchedules
Appointment Scheduling,iBabs
Appointment Scheduling,inspHire
Appointment Scheduling,Kareo
Appointment Scheduling,Kicksite
Appointment Scheduling,Little Green Light
Appointment Scheduling,MDLIVE
Appointment Scheduling,MD-Staff
Appointment Scheduling,Mindbody
Appointment Scheduling,Netsmart OrderConnect
Appointment Scheduling,Olivia AI
Appointment Scheduling,Phreesia
Appointment Scheduling,Practice Fusion
Appointment Scheduling,RevenueWell
Appointment Scheduling,Salon Ultimate
Appointment Scheduling,SalonBiz
Appointment Scheduling,Schedulicity
Appointment Scheduling,SimplePractice
Appointment Scheduling,Skedda
Appointment Scheduling,Skedge.me
Appointment Scheduling,SolutionReach
Appointment Scheduling,SpeedRFP
Appointment Scheduling,Square Appointments
Appointment Scheduling,STX Software
Appointment Scheduling,TeamUp
Appointment Scheduling,TimeTrade
Appointment Scheduling,Tockify
Appointment Scheduling,Tula
Appointment Scheduling,UKG Pro Advanced Scheduling
Appointment Scheduling,Vagaro
Appointment Scheduling,vcita
Appointment Scheduling,WellnessLiving
Appointment Scheduling,When I Work
Appointment Scheduling,Wodify
Appointment Scheduling,YouCanBook.me
Appointment Scheduling,Zen Planner
Appointment Scheduling,Zenoti
Appointment Scheduling,ZocDoc
Appointment Scheduling,A2Z Events
Appointment Scheduling,Acceptd
Appointment Scheduling,Agendize
Appointment Scheduling,Aimy
Appointment Scheduling,Allbookable
Appointment Scheduling,Appointo
Appointment Scheduling,Appointy
Appointment Scheduling,BLiNK AI
Appointment Scheduling,BookBanket
Appointment Scheduling,Booked
Appointment Scheduling,Bookero
Appointment Scheduling,Bookitit
Appointment Scheduling,Booklux
Appointment Scheduling,Bookly
Appointment Scheduling,BookVisit
Appointment Scheduling,Booxi
Appointment Scheduling,Boulevard
Appointment Scheduling,Bsport
Appointment Scheduling,CalendarHero
Appointment Scheduling,CalendarWiz
Appointment Scheduling,Calenso
Appointment Scheduling,Cfixé
Appointment Scheduling,ClassCreator
Appointment Scheduling,ClassFit
Appointment Scheduling,Client Diary
Appointment Scheduling,Counseling Kit
Appointment Scheduling,DearDoc
Appointment Scheduling,Doctena
Appointment Scheduling,EasyWeek
Appointment Scheduling,eola
Appointment Scheduling,Eventlink
Appointment Scheduling,EventOn
Appointment Scheduling,Evvnt
Appointment Scheduling,Fitssey
Appointment Scheduling,ForeUP
Appointment Scheduling,Fresha
Appointment Scheduling,Full Slate
Appointment Scheduling,FullSeats
Appointment Scheduling,GBooking
Appointment Scheduling,GetYourGuide
Appointment Scheduling,GlampManager
Appointment Scheduling,Glofox
Appointment Scheduling,GOrendezvous
Appointment Scheduling,GReminders
Appointment Scheduling,HotDoc
Appointment Scheduling,iClose
Appointment Scheduling,Jameda
Appointment Scheduling,Kalix
Appointment Scheduling,Limecall
Appointment Scheduling,Mainboard
Appointment Scheduling,Makeplans
Appointment Scheduling,Mangomint
Appointment Scheduling,Matchi
Appointment Scheduling,Momence
Appointment Scheduling,Momice
Appointment Scheduling,Motion
Appointment Scheduling,MyTime
Appointment Scheduling,Need Street
Appointment Scheduling,NightsBridge
Appointment Scheduling,Nookal
Appointment Scheduling,Occasion
Appointment Scheduling,Periodic
Appointment Scheduling,Planfy
Appointment Scheduling,Planway
Appointment Scheduling,Pluralo
Appointment Scheduling,Practo
Appointment Scheduling,Recras
Appointment Scheduling,Resova
Appointment Scheduling,RideBits
Appointment Scheduling,Salonist
Appointment Scheduling,Sched
Appointment Scheduling,ScheduleAnyone
Appointment Scheduling,Shore
Appointment Scheduling,SimplyBook.me
Appointment Scheduling,Sirvoy
Appointment Scheduling,Skedify
Appointment Scheduling,Smile Virtual
Appointment Scheduling,Sonline
Appointment Scheduling,StyleSeat
Appointment Scheduling,SuperHote
Appointment Scheduling,SynBird
Appointment Scheduling,TerMed
Appointment Scheduling,theCut
Appointment Scheduling,TimeTap
Appointment Scheduling,Timify
Appointment Scheduling,Timma
Appointment Scheduling,TravelJoy
Appointment Scheduling,TuCalendi
Appointment Scheduling,Vello
Appointment Scheduling,VertaFlow Booking
Appointment Scheduling,Wherewolf
Appointment Scheduling,X.ai
Appointment Scheduling,Xtime
Appointment Scheduling,YachtSys
Appointment Scheduling,YoPlanning
Appointment Scheduling,ZenMaid
Appointment Scheduling,Zozi
Appointment Scheduling,Jane
CMS,Acquia Drupal Cloud
CMS,Adobe Coldfusion
CMS,Advanced Solutions International
CMS,AFAS
CMS,Agility
CMS,Astra WordPress Theme
CMS,Atex
CMS,Atlassian Bitbucket
CMS,Atlassian Cloud
CMS,Atlassian Confluence
CMS,Auctori
CMS,Auto Vitals
CMS,BaseKit
CMS,Bitrix
CMS,Blogger
CMS,BuddyPress
CMS,Buuteeq
CMS,Catylist SiteLink
CMS,Civic Plus
CMS,Clickability
CMS,ClickMotive
CMS,Clover Sites
CMS,CM4All
CMS,Cobalt
CMS,CommonSpot
CMS,Concrete CMS
CMS,Contentstack
CMS,Convio
CMS,CoreMedia
CMS,Craft CMS
CMS,CrownPeak
CMS,Crownpeak DXM
CMS,DatoCMS
CMS,Dealer.com
CMS,DealerOn
CMS,Denticon
CMS,Divi
CMS,DNN
CMS,DriverSide
CMS,Drupal
CMS,Duda
CMS,Ektron
CMS,Elementor
CMS,Epic MyChart
CMS,EPiServer
CMS,ExpressionEngine
CMS,EZLynx
CMS,Five9
CMS,Gatsby
CMS,Ghost
CMS,GitLab
CMS,GoodBarber
CMS,Gorgias
CMS,Homestead
CMS,iMatrix
CMS,Jazel
CMS,Jetpack
CMS,Jimdo
CMS,Joomla
CMS,Kentico
CMS,Kentico CMS
CMS,Kirra
CMS,Kukui
CMS,Learnworlds
CMS,Liferay
CMS,Limelight Video Platform
CMS,ListingLab
CMS,LoopNet
CMS,Magnolia
CMS,Marqui
CMS,Microsoft Frontpage
CMS,Mono Solutions
CMS,Moonfruit
CMS,Movable Type
CMS,MyCase
CMS,NationBuilder
CMS,Netlify
CMS,NetObjects Fusion
CMS,Ning
CMS,Omni CMS
CMS,Oracle Webcenter
CMS,Outsystems
CMS,Pagely
CMS,Pantheon
CMS,PaperThin
CMS,Placester
CMS,Plone
CMS,Podia
CMS,Prismic
CMS,Progress Sitefinity
CMS,PyroCMS
CMS,Qumu
CMS,RWS Tridion Sites
CMS,Sage Intacct
CMS,Sanity
CMS,Silverstripe CMS
CMS,SiteCore
CMS,Squarespace
CMS,Squiz
CMS,Storyblok
CMS,Strapi
CMS,Strikingly
CMS,Teachable
CMS,Teamtailor
CMS,Terminalfour
CMS,TouchBistro
CMS,Tumblr
CMS,TYPO3
CMS,uCoz
CMS,Umbraco
CMS,Vbrick
CMS,vBulletin
CMS,Visual-Basic-.NET
CMS,Visual Composer
CMS,Wagtail CMS
CMS,WebCube
CMS,Webflow
CMS,Weblication
CMS,WebOffice
CMS,WebSite Tonight
CMS,WebSite X5
CMS,WebsPlanet
CMS,WebStarts
CMS,Webydo
CMS,WeTransfer
CMS,Whipple Hill
CMS,Wix
CMS,Wordpress
CMS,Wordpress.com
CMS,WordPress.org
CMS,Wordpress VIP
CMS,WP Engine
CMS,WPML
CMS,WPMU DEV
CMS,Yahoo SiteBuilder
CMS,Yext
CMS,Yola
CMS,YOOtheme
CMS,YourMembership
CMS,Zoho Books
CMS,Zoho Sites
CMS,1C-Bitrix
CMS,321 CMS
CMS,6Valley eCommerce CMS
CMS,a-blog cms
CMS,a3 Lazy Load
CMS,AbhiCMS
CMS,AboutMyClinic
CMS,AddToAny Share Buttons
CMS,AdminBuy
CMS,Adobe Experience Manager Edge Delivery Services
CMS,Advanced Custom Fields
CMS,Adwos CMS
CMS,Aegea
CMS,AFThemes CoverNews
CMS,Age Gate
CMS,AitThemes
CMS,Aksara CMS
CMS,Alinea
CMS,Altis
CMS,AlvandCMS
CMS,Ametys
CMS,Amiro.CMS
CMS,AMP for WordPress
CMS,AndersNoren Baskerville
CMS,AndersNoren Fukasawa
CMS,AndersNoren Hemingway
CMS,AndersNoren Hitchcock
CMS,AndersNoren Lovecraft
CMS,Animate It
CMS,Animation Addons
CMS,Antee IPO
CMS,Apollo13Themes Rife
CMS,ApostropheCMS
CMS,AquilaCMS
CMS,Arc XP
CMS,AsciiDoc
CMS,Asgaros Forum
CMS,Astra Widgets
CMS,aThemes Airi
CMS,aThemes Astrid
CMS,aThemes Hiero
CMS,aThemes Moesia
CMS,aThemes Sydney
CMS,Auberge
CMS,Autoconf
CMS,AutoManager
CMS,Autoptimize
CMS,Azko CMS
CMS,Azuriom
CMS,Backdrop
CMS,Banshee
CMS,Base44
CMS,Batflat
CMS,Bear Blog
CMS,Beaver Builder
CMS,Beehiiv
CMS,Bentobox
CMS,BeTheme
CMS,Better Click To Tweet
CMS,Better Search
CMS,BetterDocs plugin
CMS,BIGACE
CMS,BigTree CMS
CMS,Blocksy
CMS,Blocksy Companion
CMS,Blossom Travel
CMS,Bludit
CMS,BoidCMS
CMS,Bold Page Builder
CMS,Bold Themes
CMS,BoldGrid
CMS,Bolt CMS
CMS,BookingKoala
CMS,BOOM
CMS,Borlabs Cookie
CMS,Botble CMS
CMS,Brightspot
CMS,Brilliant Web-to-Lead
CMS,Brizy Cloud
CMS,Brownie
CMS,BrowserCMS
CMS,Builder.io
CMS,BUROGU
CMS,ButterCMS
CMS,Caisy
CMS,Caldera Forms
CMS,Candid Themes Fairy
CMS,Caramella
CMS,Carbonmade
CMS,caSaaS
CMS,Catch Themes Catch Box
CMS,Catch Themes Fotografie
CMS,Cendyn
CMS,Chameleon system
CMS,Chayns
CMS,Chimpmatic
CMS,Citizen Space
CMS,Ckan
CMS,Clinic Sites
CMS,Clonando
CMS,CloudCannon
CMS,Cloudflare Turnstile for WooCommerce
CMS,Cloudrexx
CMS,CMS Caddy
CMS,CMS Made Simple
CMS,CMSimple
CMS,Coaster CMS
CMS,Codetipi
CMS,Colibri WP
CMS,Colorlib Activello
CMS,Colorlib Illdy
CMS,Colorlib Shapely
CMS,Colorlib Sparkling
CMS,Colorlib Travelify
CMS,ColorMag
CMS,Congressus
CMS,Contact Form 7
CMS,Contao
CMS,Contenido
CMS,Contensis
CMS,ContentBox
CMS,Contento
CMS,Cookie Information plugin
CMS,Cookie Notice
CMS,Core Framework
CMS,CoreMedia Content Cloud
CMS,Cornerstone
CMS,Cosmic
CMS,Cotonti
CMS,CPG Dragonfly
CMS,CppCMS
CMS,Creativ.eMail
CMS,Crexi
CMS,Croogo
CMS,Cryout Creations Bravada
CMS,Cryout Creations Fluida
CMS,Cryout Creations Mantra
CMS,Cryout Creations Parabola
CMS,CSSIgniter Olsen Light
CMS,CUE
CMS,Custom Fonts
CMS,Cwicly
CMS,CyberChimps Responsive
CMS,Danneo CMS
CMS,DataLife Engine
CMS,DedeCMS
CMS,Delta Media
CMS,DESTOON
CMS,Directus
CMS,Disciple
CMS,Distributor
CMS,Django CMS
CMS,DM Polopoly
CMS,Dominate WooCommerce
CMS,Doppler for WooCommerce
CMS,Doppler Forms
CMS,Dotclear
CMS,Download Monitor
CMS,Dr. Leonardo
CMS,DropInBlog
CMS,Duopana
CMS,E-monsite
CMS,e107
CMS,Easy Accordion
CMS,Ebasnet
CMS,eDirectory
CMS,Edlio
CMS,ElasticPress
CMS,Elcom
CMS,Eleanor CMS
CMS,Elementor Header & Footer Builder
CMS,Elexio
CMS,Elgg
CMS,Embed Optimizer
CMS,EmbedPlus
CMS,Emergent
CMS,Enagic
CMS,Endurance Page Cache
CMS,enduro.js
CMS,EngagementHQ
CMS,Enhanced Responsive Images
CMS,Enigma
CMS,Enjin CMS
CMS,Enjore
CMS,Enonic
CMS,Envo eCommerce
CMS,Envo Shop
CMS,Envo Storefront
CMS,Essent SiteBuilder Pro
CMS,Essential Addons for Elementor
CMS,Essential Blocks
CMS,eSyndiCat
CMS,Etch
CMS,EWWW Image Optimizer
CMS,experiencedCMS
CMS,Extendify
CMS,ExtendThemes Calliope
CMS,ExtendThemes EmpowerWP
CMS,ExtendThemes Highlight
CMS,ExtendThemes Materialis
CMS,ExtendThemes Mesmerize
CMS,EyouCMS
CMS,eZ Publish
CMS,FalguniThemes Nisarg
CMS,FaraPy
CMS,Finalsite
CMS,Flazio
CMS,FlexCMP
CMS,Flexmls
CMS,FlipBuilder
CMS,Flying Analytics
CMS,Flying Pages
CMS,FlyingPress
CMS,FooPlugins FooGallery
CMS,Fork CMS
CMS,Format
CMS,Formidable Form
CMS,Frames
CMS,Funnelforms
CMS,Futurio
CMS,Gannett CMS
CMS,GenerateBlocks
CMS,GeneratePress
CMS,GeneratePress GP Premium
CMS,Genesis blocks
CMS,GetSimple CMS
CMS,getUBetter
CMS,Gnuboard
CMS,GoDaddy CoBlocks
CMS,GoDaddy Escapade
CMS,GoDaddy Go
CMS,GoDaddy Lyrical
CMS,GoDaddy Primer
CMS,GoDaddy Uptown Style
CMS,GoDaddy Website Builder
CMS,Google Tag Manager for WordPress
CMS,govCMS
CMS,GPT AI Power
CMS,Graffiti CMS
CMS,GraphCMS
CMS,Graphene
CMS,Grav
CMS,Green Valley CMS
CMS,Greyd.Suite
CMS,Griddo
CMS,GTranslate
CMS,Gutenberg
CMS,GX WebManager
CMS,Halo
CMS,Haloscan
CMS,Hashnode
CMS,HashThemes Total
CMS,Hatena Blog
CMS,Hello Elementor
CMS,Hestia
CMS,Hinza Advanced CMS
CMS,Hocalwire
CMS,Holduix CMS
CMS,Hosttech Website Creator
CMS,Hotaru CMS
CMS,Hubb
CMS,Huberway
CMS,HubSpot WordPress plugin
CMS,i-motor
CMS,Icordis CMS
CMS,iEXExchanger
CMS,Image Placeholders
CMS,Image Prioritizer
CMS,Imagely NextGEN Gallery
CMS,imperia CMS
CMS,ImpressCMS
CMS,ImpressPages
CMS,Inblog
CMS,Indexhibit
CMS,Influx CMS
CMS,Infront
CMS,InstantCMS
CMS,InterRed
CMS,Invision Community
CMS,ISAY
CMS,iScripts
CMS,It'seeze
CMS,iTCHYROBOT
CMS,iThemes Security
CMS,Ivory Search
CMS,iWiki
CMS,Jadu
CMS,Jadu Central Content
CMS,Jahia DX
CMS,Jalios
CMS,JamFeed
CMS,JetEngine
CMS,Jetpack Boost
CMS,JetTabs
CMS,Jilt plugin
CMS,JouwWeb
CMS,Jugem
CMS,K-Sup
CMS,Kadence WP Blocks
CMS,Kadence WP Kadence
CMS,Kadence WP Virtue
CMS,Kaira Vogue
CMS,Kirby
CMS,Kirki Customizer Framework
CMS,KIT CMS
CMS,Kleer
CMS,Koala Framework
CMS,Koken
CMS,Kommand
CMS,Komodo CMS
CMS,Kontent.ai
CMS,Koobi
CMS,Kooboo CMS
CMS,Kotisivukone
CMS,Kreatio
CMS,Labrador CMS
CMS,LandingPress
CMS,Lede
CMS,LEPTON
CMS,LGC
CMS,Liana
CMS,LightMon Engine
CMS,Lightning
CMS,Limit Login Attempts Reloaded
CMS,LiveCanvas
CMS,LiveStreet CMS
CMS,LocomotiveCMS
CMS,Lodel
CMS,LTheme
CMS,LyraThemes Kale
CMS,MAAK
CMS,MachoThemes NewsMag
CMS,MacroActive
CMS,Maglr
CMS,MailChimp for WooCommerce
CMS,MailChimp for WordPress
CMS,MailerLite plugin
CMS,Maisey
CMS,Mambo
CMS,MangaReader
CMS,Marketpath CMS
CMS,Master Slider Plugin
CMS,MaxenceDEVCMS
CMS,MaxiCMS
CMS,MaxSite CMS
CMS,MDBootstrap WP theme
CMS,Melis Platform
CMS,MemberStack
CMS,MetaSlider
CMS,Methode
CMS,Metro CreativeX
CMS,MGPanel
CMS,microCMS
CMS,Microweber
CMS,Milestone CMS
CMS,Miniflat
CMS,Mirvac
CMS,Modern Image Formats
CMS,MODX
CMS,Moguta.CMS
CMS,Moneris Payment Gateway
CMS,MonsterInsights
CMS,MotoCMS
CMS,Mozard Suite
CMS,Mura CMS
CMS,MVD Studio
CMS,MyDryCleaner
CMS,Mynetcap
CMS,MysteryThemes News Portal
CMS,MysteryThemes News Portal Lite
CMS,MysteryThemes News Portal Mag
CMS,NamelessMC
CMS,Naviga
CMS,Neos CMS
CMS,Nepso
CMS,Neve
CMS,Newspack
CMS,NexusPHP
CMS,Ninja Forms
CMS,Norse Env
CMS,NorthStar Civic
CMS,NovaDB
CMS,Nrdevo
CMS,Nucleus CMS
CMS,Nukeviet CMS
CMS,OceanWP
CMS,October CMS
CMS,Ohava
CMS,Omeka
CMS,Omurga Sistemi
CMS,OnePage Express
CMS,OnePress Social Locker
CMS,onpublix
CMS,OpenCms
CMS,OpenElement
CMS,OpenNemas
CMS,OpenText Web Solutions
CMS,Optimization Detective
CMS,Oracle Content Management
CMS,OrbitFox
CMS,Orchard Core
CMS,Otter Blocks
CMS,OutTheBoxThemes Panoramic
CMS,Overblog
CMS,Page Builder Framework
CMS,Pagefai CMS
CMS,Pagekit
CMS,Pagetiger
CMS,PagineGialle
CMS,papaya CMS
CMS,Pars Elecom Portal
CMS,PatientSites
CMS,Payload CMS
CMS,Paymenter
CMS,Pegboard7
CMS,PencilBlue
CMS,Percussion
CMS,Perfmatters
CMS,Performance Lab
CMS,Performant Translations
CMS,Phlox
CMS,Photo Gallery
CMS,PHP-Nuke
CMS,PHPBoost
CMS,phpCMS
CMS,PHPFusion
CMS,phpRS
CMS,phpSQLiteCMS
CMS,phpwcms
CMS,phpwind
CMS,Pingoteam
CMS,pirobase CMS
CMS,PixelYourSite
CMS,Pixieset Website
CMS,PizzaNetz
CMS,Plate
CMS,PlatformOS
CMS,Pligg
CMS,Polylang
CMS,Popmenu
CMS,PopularFX
CMS,Popup Maker
CMS,Postach
CMS,Posterous
CMS,Powerfolio
CMS,Prater Raines
CMS,Premio Chaty
CMS,Prepr
CMS,Press Customizr
CMS,Press Hueman
CMS,PressMaximum Customify
CMS,Pretty Links
CMS,Privia Health
CMS,ProcessWire
CMS,Procurios
CMS,ProfilePress
CMS,Proximis Unified Commerce
CMS,Public CMS
CMS,PublishPress Blocks
CMS,Publishrr
CMS,Publive
CMS,Pulse CMS
CMS,QoreAI
CMS,Quant
CMS,Quick.CMS
CMS,Quickblog
CMS,Quintype
CMS,RafflePress
CMS,RankMath SEO
CMS,Rayo
CMS,RBS Change
CMS,RCMS
CMS,React Bricks
CMS,Reactive
CMS,Really Simple CAPTCHA
CMS,REC
CMS,ReCaptcha v2 for Contact Form 7
CMS,Recent Posts Widget With Thumbnails
CMS,REDAXO
CMS,Redux Framework
CMS,Responsive Lightbox & Gallery
CMS,RhinoFit
CMS,Rhymix
CMS,Rich Plugins Reviews
CMS,RiteCMS
CMS,Roadiz CMS
CMS,RockRMS
CMS,Rofofk
CMS,Roya
CMS,rSchoolToday
CMS,Rubedo
CMS,S-COREpion
CMS,Sapren
CMS,Sarka-SPIP
CMS,Satori Studio Bento
CMS,Scissor Themes Writee
CMS,Scorpion
CMS,Scrivito
CMS,SeamlessCMS
CMS,SeedProd Coming Soon
CMS,Semplice
CMS,SeoToaster CMS
CMS,Serendipity
CMS,Shift4Shop
CMS,Shopistry
CMS,Shortcodes Ultimate
CMS,ShoutCMS
CMS,Shuttle
CMS,SIDEARM Sports
CMS,simploCMS
CMS,Simplébo
CMS,SIMsite
CMS,Sinatra
CMS,SiteEdit
CMS,Siteglide
CMS,SiteGuard WP Plugin
CMS,SiteManager
CMS,SiteOrigin Page Builder
CMS,SiteOrigin Vantage
CMS,SiteOrigin Widgets Bundle
CMS,Sitepark IES
CMS,Sitepark InfoSite
CMS,SitePoint
CMS,SiteWrench
CMS,SixCMS
CMS,Skeeks
CMS,Skilldo
CMS,Skolengo
CMS,Skool
CMS,Slim SEO
CMS,Smallbox
CMS,SMART L-Gov
CMS,Smart Slider 3
CMS,SmartSite
CMS,Smartstore Page Builder
CMS,Smash Balloon Instagram Feed
CMS,sNews
CMS,Social Pinpoint
CMS,SolidPixels
CMS,Solodev
CMS,Sotel
CMS,Spark CMS
CMS,Spectra
CMS,Speculative Loading
CMS,SpeedyCache
CMS,Spexo Addons
CMS,SpiceThemes SpicePress
CMS,SPIP
CMS,SpiralCMS
CMS,Squiz Matrix
CMS,Stackable
CMS,Statamic
CMS,Strato Website
CMS,Streamroll
CMS,Strife
CMS,Subrion
CMS,Sulu
CMS,Suncel
CMS,Superblog
CMS,SuperPWA
CMS,Supsystic
CMS,Svbtle
CMS,SVG Support
CMS,TablePress
CMS,Telescope
CMS,Tendenci
CMS,Textpattern CMS
CMS,The Events Calendar
CMS,The Theme Foundry Make
CMS,Thelia
CMS,Theme Freesia Edge
CMS,Theme Freesia Photograph
CMS,Theme Freesia ShoppingCart
CMS,Theme Horse Attitude
CMS,Theme Horse NewsCard
CMS,Theme Vision Agama
CMS,Theme4Press Evolve
CMS,Themeansar Newsberg
CMS,Themeansar Newsup
CMS,Themebeez Orchid Store
CMS,Themegraphy Graphy
CMS,ThemeGrill Accelerate
CMS,ThemeGrill Cenote
CMS,ThemeGrill ColorMag
CMS,ThemeGrill eStore
CMS,ThemeGrill Flash
CMS,ThemeGrill Radiate
CMS,ThemeGrill Spacious
CMS,ThemeIsle Menu Icons
CMS,Themes4Wp Bulk
CMS,ThemeZee Donovan
CMS,ThemeZee Poseidon
CMS,ThemeZee Wellington
CMS,ThemezHut Bam
CMS,ThemezHut HitMag
CMS,Themonic Iconic One
CMS,ThimPress Course Review
CMS,ThimPress Course Wishlist
CMS,ThimPress Gradebook
CMS,ThimPress LearnPress
CMS,Think Up Themes Consulting
CMS,Think Up Themes Minamaze
CMS,Thrillshare
CMS,Thrive Apprentice
CMS,Thrive Architect
CMS,Thrive Comments
CMS,Thrive Leads
CMS,Thrive Quiz Builder
CMS,Thrive Ultimatum
CMS,Tilda
CMS,TN Express Web
CMS,Tokeet
CMS,Tooning
CMS,TownNews
CMS,Translate WordPress
CMS,Twenty Eleven
CMS,Twenty Fifteen
CMS,Twenty Fourteen
CMS,Twenty Nineteen
CMS,Twenty Seventeen
CMS,Twenty Sixteen
CMS,Twenty Ten
CMS,Twenty Thirteen
CMS,Twenty Twelve
CMS,Twenty Twenty
CMS,Twenty Twenty-Five
CMS,Twenty Twenty-Four
CMS,Twenty Twenty-One
CMS,Twenty Twenty-Three
CMS,Twenty Twenty-Two
CMS,Twilight CMS
CMS,Typecho
CMS,TypePad
CMS,Ultimate Addons for Elementor
CMS,Ultimate Tables
CMS,UltimatelySocial
CMS,UMI.CMS
CMS,Understrap
CMS,Unstack
CMS,UpSolution Zephyr
CMS,Ushahidi
CMS,Varbase
CMS,VerseOne
CMS,Vigbo
CMS,Virgool
CMS,Voog.com Website Builder
CMS,Vox Media
CMS,Vvveb CMS
CMS,Walla
CMS,Waveme
CMS,Weaver Xtreme
CMS,Web Stories for WordPress
CMS,Web Worker Offloading
CMS,Webcool CMS
CMS,webEdition
CMS,WebFactory Maintenance
CMS,WebFactory Under Construction
CMS,WebGUI
CMS,Webhealer
CMS,Weblium
CMS,WebNode
CMS,Webriti Busiprof
CMS,WebsiteBaker
CMS,WebToffee Stripe Payment Plugin for WooCommerce
CMS,WebZi
CMS,Webzie
CMS,WEN Themes Education Hub
CMS,Winter CMS
CMS,wisyCMS
CMS,Wolf CMS
CMS,Woltlab Community Framework
CMS,WooCommerce Blocks
CMS,WooCommerce Multilingual
CMS,WooCommerce PayPal Checkout Payment Gateway
CMS,WooCommerce PayPal Payments
CMS,WooCommerce Stripe Payment Gateway
CMS,WooCommerce Subscriptions
CMS,Woostify
CMS,Wordfence Login Security
CMS,WordPress Default
CMS,WordPress Popular Posts
CMS,WP Automatic
CMS,WP Courseware
CMS,WP Fastest Cache
CMS,WP Featherlight
CMS,WP Google Map Embed
CMS,WP Google Map Plugin
CMS,WP Grid Builder
CMS,WP Job Openings
CMS,WP Live Visitor Counter
CMS,WP Maintenance Mode
CMS,WP Portfolio
CMS,WP Puzzle Basic
CMS,WP-PageNavi
CMS,WP-Royal Ashe
CMS,WP-Royal Bard
CMS,WPForms
CMS,WPMU DEV Smush
CMS,Wuilt
CMS,Xiuno BBS
CMS,XOOPS
CMS,XpressEngine
CMS,Xtra
CMS,XYZScripts
CMS,Yoast Duplicate Post
CMS,youCMS
CMS,Zakeke Interactive Product Designer
CMS,Zakra
CMS,Zinnia
CMS,Assemble
CMS,CiviCRM plugins
CSS and JavaScript Libraries,Adobe Flash
CSS and JavaScript Libraries,Ag Grid
CSS and JavaScript Libraries,amCharts
CSS and JavaScript Libraries,Angular Material
CSS and JavaScript Libraries,Ant Design React
CSS and JavaScript Libraries,ApexCharts
CSS and JavaScript Libraries,AWS SDK for JavaScript
CSS and JavaScript Libraries,Backbone.js
CSS and JavaScript Libraries,Bootstrap
CSS and JavaScript Libraries,Bootstrap Framework v3.1.1
CSS and JavaScript Libraries,Bootstrap Framework v3.2.0
CSS and JavaScript Libraries,Bootstrapcdn
CSS and JavaScript Libraries,Chart.Js
CSS and JavaScript Libraries,Classy
CSS and JavaScript Libraries,D3js
CSS and JavaScript Libraries,Ext JS
CSS and JavaScript Libraries,FlexSlider
CSS and JavaScript Libraries,Flickity
CSS and JavaScript Libraries,GSAP
CSS and JavaScript Libraries,Highcharts
CSS and JavaScript Libraries,jQuery
CSS and JavaScript Libraries,JQuery 1.11.1
CSS and JavaScript Libraries,JQuery 2.1.1
CSS and JavaScript Libraries,Knockout.js
CSS and JavaScript Libraries,Leaflet
CSS and JavaScript Libraries,Less
CSS and JavaScript Libraries,Mathjax
CSS and JavaScript Libraries,Milonic
CSS and JavaScript Libraries,MUI
CSS and JavaScript Libraries,Nivo Slider
CSS and JavaScript Libraries,Nunjucks
CSS and JavaScript Libraries,PixiJS
CSS and JavaScript Libraries,Plotly.js
CSS and JavaScript Libraries,PrimeNG
CSS and JavaScript Libraries,Progress Kendo UI
CSS and JavaScript Libraries,Qunit
CSS and JavaScript Libraries,React
CSS and JavaScript Libraries,React Flow
CSS and JavaScript Libraries,React Redux
CSS and JavaScript Libraries,React Router
CSS and JavaScript Libraries,Recharts
CSS and JavaScript Libraries,Redux
CSS and JavaScript Libraries,RXJS
CSS and JavaScript Libraries,Sass
CSS and JavaScript Libraries,Sencha
CSS and JavaScript Libraries,SignalR
CSS and JavaScript Libraries,Storybook
CSS and JavaScript Libraries,Svelte
CSS and JavaScript Libraries,Swagger UI
CSS and JavaScript Libraries,Tailwind
CSS and JavaScript Libraries,ThickBox
CSS and JavaScript Libraries,Three.js
CSS and JavaScript Libraries,Uikit
CSS and JavaScript Libraries,Viewport Meta
CSS and JavaScript Libraries,VueJS
CSS and JavaScript Libraries,WebGL
CSS and JavaScript Libraries,webpack
CSS and JavaScript Libraries,Yahoo User Interface
CSS and JavaScript Libraries,ZingChart
CSS and JavaScript Libraries,_hyperscript
CSS and JavaScript Libraries,A-Frame
CSS and JavaScript Libraries,Amaze UI
CSS and JavaScript Libraries,Amplify JS
CSS and JavaScript Libraries,Angular Gridster
CSS and JavaScript Libraries,Angular Notitia
CSS and JavaScript Libraries,Animate.css
CSS and JavaScript Libraries,anime.js
CSS and JavaScript Libraries,AntV G2
CSS and JavaScript Libraries,AnythingSlider
CSS and JavaScript Libraries,AOS
CSS and JavaScript Libraries,Arco Design Vue
CSS and JavaScript Libraries,augmented-ui
CSS and JavaScript Libraries,autoComplete.js
CSS and JavaScript Libraries,Automatic.css
CSS and JavaScript Libraries,Axios
CSS and JavaScript Libraries,Babylon.js
CSS and JavaScript Libraries,Backstretch
CSS and JavaScript Libraries,Base UI
CSS and JavaScript Libraries,Basil.css
CSS and JavaScript Libraries,Boba.js
CSS and JavaScript Libraries,Bokeh
CSS and JavaScript Libraries,Bootbox.js
CSS and JavaScript Libraries,Bootstrap Table
CSS and JavaScript Libraries,bowser
CSS and JavaScript Libraries,Bulma
CSS and JavaScript Libraries,C3.js
CSS and JavaScript Libraries,Cart.js
CSS and JavaScript Libraries,Chakra UI
CSS and JavaScript Libraries,Choices
CSS and JavaScript Libraries,chroma.js
CSS and JavaScript Libraries,CivicTheme
CSS and JavaScript Libraries,CKEditor
CSS and JavaScript Libraries,Clarity
CSS and JavaScript Libraries,Classnames
CSS and JavaScript Libraries,Cleave.js
CSS and JavaScript Libraries,ClientJS
CSS and JavaScript Libraries,Clipboard.js
CSS and JavaScript Libraries,Closure Library
CSS and JavaScript Libraries,CoreUI
CSS and JavaScript Libraries,crypto-js
CSS and JavaScript Libraries,D3
CSS and JavaScript Libraries,daisyUI
CSS and JavaScript Libraries,Darkmode.js
CSS and JavaScript Libraries,DataTables
CSS and JavaScript Libraries,dc.js
CSS and JavaScript Libraries,decimal.js
CSS and JavaScript Libraries,DevExtreme
CSS and JavaScript Libraries,Devup UI
CSS and JavaScript Libraries,Dexie.js
CSS and JavaScript Libraries,DHTMLX
CSS and JavaScript Libraries,dimple
CSS and JavaScript Libraries,Dojo
CSS and JavaScript Libraries,Dorik AI
CSS and JavaScript Libraries,Dynamics.js
CSS and JavaScript Libraries,EaselJS
CSS and JavaScript Libraries,Easy Pie Chart
CSS and JavaScript Libraries,EasyUI
CSS and JavaScript Libraries,ECharts
CSS and JavaScript Libraries,Edit-in-Place
CSS and JavaScript Libraries,Element UI
CSS and JavaScript Libraries,Elm-ui
CSS and JavaScript Libraries,Enquire.js
CSS and JavaScript Libraries,Epoch
CSS and JavaScript Libraries,Etherpad
CSS and JavaScript Libraries,Exhibit
CSS and JavaScript Libraries,FancyBox
CSS and JavaScript Libraries,FilePond
CSS and JavaScript Libraries,FingerprintJS
CSS and JavaScript Libraries,Flat UI
CSS and JavaScript Libraries,FlipClock.js
CSS and JavaScript Libraries,Floating UI
CSS and JavaScript Libraries,Flot
CSS and JavaScript Libraries,Flowbite
CSS and JavaScript Libraries,Flyvi
CSS and JavaScript Libraries,Formalize CSS
CSS and JavaScript Libraries,Formstone
CSS and JavaScript Libraries,FreeTextBox
CSS and JavaScript Libraries,Froala Editor
CSS and JavaScript Libraries,fullPage.js
CSS and JavaScript Libraries,Gijgo
CSS and JavaScript Libraries,Glide.js
CSS and JavaScript Libraries,Glider.js
CSS and JavaScript Libraries,Goober
CSS and JavaScript Libraries,GOV.UK Elements
CSS and JavaScript Libraries,GOV.UK Frontend
CSS and JavaScript Libraries,GOV.UK Template
CSS and JavaScript Libraries,Hammer.js
CSS and JavaScript Libraries,Handsontable
CSS and JavaScript Libraries,HeadJS
CSS and JavaScript Libraries,Headless UI
CSS and JavaScript Libraries,HeroUI
CSS and JavaScript Libraries,Highlight.js
CSS and JavaScript Libraries,Highstock
CSS and JavaScript Libraries,Howler.js
CSS and JavaScript Libraries,html2canvas
CSS and JavaScript Libraries,HTML5 Media
CSS and JavaScript Libraries,Htmx
CSS and JavaScript Libraries,Hypestyle CSS
CSS and JavaScript Libraries,IBM Carbon Design System
CSS and JavaScript Libraries,iCheck
CSS and JavaScript Libraries,imagesLoaded
CSS and JavaScript Libraries,Immutable.js
CSS and JavaScript Libraries,Infinite Scroll
CSS and JavaScript Libraries,Instafeed.js
CSS and JavaScript Libraries,Instant.Page
CSS and JavaScript Libraries,InstantClick
CSS and JavaScript Libraries,InstantGeo
CSS and JavaScript Libraries,JavaScript Infovis Toolkit
CSS and JavaScript Libraries,jqPlot
CSS and JavaScript Libraries,jQuery BlockUI
CSS and JavaScript Libraries,jQuery DevBridge Autocomplete
CSS and JavaScript Libraries,jQuery Migrate
CSS and JavaScript Libraries,jQuery Modal
CSS and JavaScript Libraries,jQuery Popup Overlay
CSS and JavaScript Libraries,jQuery Sparklines
CSS and JavaScript Libraries,jQuery UI
CSS and JavaScript Libraries,JS Charts
CSS and JavaScript Libraries,jsPDF
CSS and JavaScript Libraries,JsRender
CSS and JavaScript Libraries,JsViews
CSS and JavaScript Libraries,JSZip
CSS and JavaScript Libraries,KaTeX
CSS and JavaScript Libraries,Keen-Slider
CSS and JavaScript Libraries,KerningJS
CSS and JavaScript Libraries,KineticJS
CSS and JavaScript Libraries,Kobalte
CSS and JavaScript Libraries,Laravel Echo
CSS and JavaScript Libraries,LazySizes unveilhooks plugin
CSS and JavaScript Libraries,libphonenumber
CSS and JavaScript Libraries,Lightbox
CSS and JavaScript Libraries,List.js
CSS and JavaScript Libraries,lite-youtube-embed
CSS and JavaScript Libraries,Loadable-Components
CSS and JavaScript Libraries,LocalFocus
CSS and JavaScript Libraries,Locomotive Scroll
CSS and JavaScript Libraries,Lodash
CSS and JavaScript Libraries,Lozad.js
CSS and JavaScript Libraries,Lunr.js
CSS and JavaScript Libraries,Magic UI
CSS and JavaScript Libraries,Magnific Popup
CSS and JavaScript Libraries,Mailcheck
CSS and JavaScript Libraries,Mantine
CSS and JavaScript Libraries,Marked
CSS and JavaScript Libraries,Material Design Lite
CSS and JavaScript Libraries,Materialize CSS
CSS and JavaScript Libraries,math.js
CSS and JavaScript Libraries,Matter.js
CSS and JavaScript Libraries,MDBootstrap
CSS and JavaScript Libraries,MDUI
CSS and JavaScript Libraries,Mermaid
CSS and JavaScript Libraries,metisMenu
CSS and JavaScript Libraries,MetroUI
CSS and JavaScript Libraries,Milligram
CSS and JavaScript Libraries,Mixitup
CSS and JavaScript Libraries,mobile-detect.js
CSS and JavaScript Libraries,MobX
CSS and JavaScript Libraries,MochiKit
CSS and JavaScript Libraries,Modernizr
CSS and JavaScript Libraries,Moment Timezone
CSS and JavaScript Libraries,Moment.js
CSS and JavaScript Libraries,Morphext
CSS and JavaScript Libraries,Morris.js
CSS and JavaScript Libraries,MudBlazor
CSS and JavaScript Libraries,N1ED
CSS and JavaScript Libraries,Naive UI
CSS and JavaScript Libraries,New UI
CSS and JavaScript Libraries,Normalize.css
CSS and JavaScript Libraries,NProgress
CSS and JavaScript Libraries,NSW Design System
CSS and JavaScript Libraries,Nuxt UI
CSS and JavaScript Libraries,NVD3
CSS and JavaScript Libraries,Offline.js
CSS and JavaScript Libraries,Open-Props
CSS and JavaScript Libraries,Orbit Slider
CSS and JavaScript Libraries,OWL Carousel
CSS and JavaScript Libraries,p5.js
CSS and JavaScript Libraries,Packery
CSS and JavaScript Libraries,Pannellum
CSS and JavaScript Libraries,Paper.js
CSS and JavaScript Libraries,parallax.js
CSS and JavaScript Libraries,Parsley.js
CSS and JavaScript Libraries,particles.js
CSS and JavaScript Libraries,Paths.js
CSS and JavaScript Libraries,pdfmake
CSS and JavaScript Libraries,Peity
CSS and JavaScript Libraries,pickadate.js
CSS and JavaScript Libraries,Pico CSS
CSS and JavaScript Libraries,Pikaday
CSS and JavaScript Libraries,Pinia
CSS and JavaScript Libraries,Plupload
CSS and JavaScript Libraries,PlusProComponents
CSS and JavaScript Libraries,Polyfill
CSS and JavaScript Libraries,Popmotion
CSS and JavaScript Libraries,Prefix-Free
CSS and JavaScript Libraries,Preline UI
CSS and JavaScript Libraries,prettyPhoto
CSS and JavaScript Libraries,PrimeVue
CSS and JavaScript Libraries,ProgressBar.js
CSS and JavaScript Libraries,Protovis
CSS and JavaScript Libraries,PSPad
CSS and JavaScript Libraries,punycode
CSS and JavaScript Libraries,Pure CSS
CSS and JavaScript Libraries,qiankun
CSS and JavaScript Libraries,Quicklink
CSS and JavaScript Libraries,Quill
CSS and JavaScript Libraries,Ractive.js
CSS and JavaScript Libraries,Radix UI
CSS and JavaScript Libraries,Ramda
CSS and JavaScript Libraries,Raphael
CSS and JavaScript Libraries,React Native for Web
CSS and JavaScript Libraries,Responsive Nav
CSS and JavaScript Libraries,Retina.js
CSS and JavaScript Libraries,Rickshaw
CSS and JavaScript Libraries,Rive
CSS and JavaScript Libraries,RunKit
CSS and JavaScript Libraries,Screenfull.js
CSS and JavaScript Libraries,script.aculo.us
CSS and JavaScript Libraries,ScrollMagic
CSS and JavaScript Libraries,scrollreveal
CSS and JavaScript Libraries,Select2
CSS and JavaScript Libraries,Selectize
CSS and JavaScript Libraries,Semantic UI
CSS and JavaScript Libraries,shadcn-svelte
CSS and JavaScript Libraries,shadcn/ui
CSS and JavaScript Libraries,Shapecss
CSS and JavaScript Libraries,Shepherd
CSS and JavaScript Libraries,shine.js
CSS and JavaScript Libraries,Shoelace
CSS and JavaScript Libraries,Showdown
CSS and JavaScript Libraries,sidr
CSS and JavaScript Libraries,Sigma.js
CSS and JavaScript Libraries,siimple
CSS and JavaScript Libraries,Simple.css
CSS and JavaScript Libraries,SimplexNoise.js
CSS and JavaScript Libraries,Skitter
CSS and JavaScript Libraries,Slick
CSS and JavaScript Libraries,slideout
CSS and JavaScript Libraries,Slim Select
CSS and JavaScript Libraries,Slimbox 2
CSS and JavaScript Libraries,Snabbt
CSS and JavaScript Libraries,Snap.svg
CSS and JavaScript Libraries,SockJS
CSS and JavaScript Libraries,Socraft-UI
CSS and JavaScript Libraries,Spatie Media Library Pro
CSS and JavaScript Libraries,spin.js
CSS and JavaScript Libraries,Spline
CSS and JavaScript Libraries,Sprig plugin
CSS and JavaScript Libraries,Stellar.js
CSS and JavaScript Libraries,Storefront UI
CSS and JavaScript Libraries,Sugar
CSS and JavaScript Libraries,SugarJS
CSS and JavaScript Libraries,Supersized
CSS and JavaScript Libraries,SvelteKit
CSS and JavaScript Libraries,SweetAlert
CSS and JavaScript Libraries,SweetAlert2
CSS and JavaScript Libraries,Swiffy Slider
CSS and JavaScript Libraries,Swiper
CSS and JavaScript Libraries,Swup
CSS and JavaScript Libraries,Syncfusion
CSS and JavaScript Libraries,Tablesorter
CSS and JavaScript Libraries,Tachyons
CSS and JavaScript Libraries,TanStack
CSS and JavaScript Libraries,TDesign
CSS and JavaScript Libraries,timeago
CSS and JavaScript Libraries,Timeplot
CSS and JavaScript Libraries,Tiny Slider
CSS and JavaScript Libraries,Tinycon
CSS and JavaScript Libraries,TinyMCE
CSS and JavaScript Libraries,Tippy.js
CSS and JavaScript Libraries,Tipso
CSS and JavaScript Libraries,TradingView
CSS and JavaScript Libraries,Tremor
CSS and JavaScript Libraries,TurfJS
CSS and JavaScript Libraries,Twitter typeahead.js
CSS and JavaScript Libraries,Typed.js
CSS and JavaScript Libraries,Typer.js
CSS and JavaScript Libraries,Underscore.js
CSS and JavaScript Libraries,UnoCSS
CSS and JavaScript Libraries,USWDS
CSS and JavaScript Libraries,Vant
CSS and JavaScript Libraries,Variance
CSS and JavaScript Libraries,Visx
CSS and JavaScript Libraries,VKUI
CSS and JavaScript Libraries,Vuetify
CSS and JavaScript Libraries,Vuex
CSS and JavaScript Libraries,vxe-table
CSS and JavaScript Libraries,W3.CSS
CSS and JavaScript Libraries,waitForImages
CSS and JavaScript Libraries,Web Font Loader
CSS and JavaScript Libraries,web-vitals
CSS and JavaScript Libraries,WebAwesome
CSS and JavaScript Libraries,Wijmo
CSS and JavaScript Libraries,WookMark
CSS and JavaScript Libraries,Wurfl
CSS and JavaScript Libraries,WysiBB
CSS and JavaScript Libraries,Xajax
CSS and JavaScript Libraries,xCharts
CSS and JavaScript Libraries,XRegExp
CSS and JavaScript Libraries,XtrixUI
CSS and JavaScript Libraries,Xzero JS
CSS and JavaScript Libraries,Yamada UI
CSS and JavaScript Libraries,YUI
CSS and JavaScript Libraries,Zepto
CSS and JavaScript Libraries,Ziggy
CSS and JavaScript Libraries,ZURB Foundation
CSS and JavaScript Libraries,History
CSS and JavaScript Libraries,parcel
CSS and JavaScript Libraries,Prism
CSS and JavaScript Libraries,Vite
CSS and JavaScript Libraries,Tailwind CSS
Call Tracking,CallRail
Call Tracking,Century Interactive
Call Tracking,Convirza
Call Tracking,DialogTech
Call Tracking,Freespee
Call Tracking,IfByPhone
Call Tracking,Infinity Call Tracking
Call Tracking,Invoca
Call Tracking,ResponseTap
Call Tracking,Vox Analytics
Captcha,CAPTCHA
Captcha,Google Cloud reCAPTCHA Enterprise
Captcha,Keycaptcha
Captcha,Minteye / AdsCaptcha
Captcha,NLP Catpcha
Captcha,NuCaptcha
Captcha,reCAPTCHA
Captcha,Solvemedia
Captcha,sweetCaptcha
Chats,zalo
Chats,Activa
Chats,Activengage
Chats,ActiveTalk
Chats,AgentBot
Chats,Amazon Lex
Chats,Apex Chat
Chats,BevyUp
Chats,BotPenguin
Chats,Callbell
Chats,Carchat24
Chats,Cbox
Chats,ChatBot
Chats,Clientconnexion
Chats,CloudIM
Chats,Cobrowser Chat
Chats,Comm100
Chats,Crisp
Chats,eGain
Chats,Elead Chat
Chats,FordDirect Chat
Chats,FreshChat
Chats,Gaglers
Chats,GoTalk
Chats,Gubagoo
Chats,Gupshup
Chats,HelpCrunch
Chats,HelpOnClick
Chats,Huggy
Chats,Iadvize
Chats,Instabot
Chats,InstantService
Chats,JivoChat
Chats,JivoSite
Chats,Kore.AI
Chats,Landbot
Chats,Live800
Chats,LiveAgent
Chats,LiveChat
Chats,LiveHelpNow
Chats,LivePerson
Chats,LivePerson Monitor
Chats,LiveTex
Chats,LiveZilla
Chats,Manychat
Chats,Marva
Chats,Moxie
Chats,Netop Live Guide
Chats,NetroxSC
Chats,Olark
Chats,Onicon
Chats,OPanel
Chats,Oracle Live Help
Chats,P3chat
Chats,ProvideSupport
Chats,Pure Chat
Chats,PurpleView
Chats,Rasa
Chats,RealPerson Chat
Chats,RedHelper
Chats,Robin
Chats,Salesforce Live Agent
Chats,ServiceNow Virtual Agent
Chats,SiteHeart
Chats,SiteHelp
Chats,Slaask
Chats,Slack
Chats,Smartsupp
Chats,SnapEngage
Chats,Socket.Io
Chats,Sunshine Conversations
Chats,Tawk.to
Chats,Tencent QQ API
Chats,Tidio
Chats,TouchCommerce
Chats,Unblu
Chats,UserLike
Chats,Vee24
Chats,Velaro
Chats,VideoDesk
Chats,Vivocha
Chats,Volusion Livechat
Chats,WebGreeter
Chats,WebsiteAlive
Chats,WhosOn
Chats,Yellow Messenger
Chats,Zendesk Chat
Chats,Zoho LiveDesk
Chats,11Sight
Chats,42Chat
Chats,Acquire Live Chat
Chats,Ada
Chats,AINIRO
Chats,Akia
Chats,Alive5
Chats,AnimalChat
Chats,AnyChat
Chats,Apple Business Chat
Chats,ArrowChat
Chats,AsisteClick
Chats,AskSpot
Chats,Atlasmic
Chats,B2Chat
Chats,BespokeChat
Chats,BetterBot
Chats,BirdSeed
Chats,Blinger
Chats,BoatChat
Chats,Boost.ai
Chats,botBrains
Chats,Botmind
Chats,Botsplash
Chats,Callgear
Chats,Capacity
Chats,CEMax
Chats,Centribal
Chats,Chaport
Chats,Chat Chasers
Chats,Chatbaby
Chats,Chatbase
Chats,ChatBotBuilder
Chats,ChatBullet
Chats,ChatGen
Chats,Chatgo
Chats,Chatify
Chats,Chative
Chats,ChatLab
Chats,Chatlio
Chats,Chatlyn
Chats,ChatNode
Chats,Chatra
Chats,Chatroll
Chats,Chatsimple
Chats,Chatway
Chats,Chatwee
Chats,ChatWING
Chats,ChatWith.io
Chats,Chaty
Chats,Chord
Chats,Clearstream
Chats,ClickChat
Chats,Cliengo
Chats,Client Chat Live
Chats,Coax
Chats,Collect.chat
Chats,CometChat
Chats,Conferbot
Chats,ConvertoBot
Chats,Copilot.Live
Chats,CoRover
Chats,Crisp Live Chat
Chats,Czater
Chats,Desku
Chats,DevRev
Chats,Dialogity
Chats,DialogShift
Chats,Dina Kunder
Chats,Dotdigital Chat
Chats,DoubleTick
Chats,Droxy
Chats,Droz Bot
Chats,EasiChat
Chats,EasyLiao
Chats,eGain Conversation
Chats,eKonsilio
Chats,Element
Chats,EliseAI
Chats,Engati
Chats,Enterprise Bot
Chats,Envolve Tech
Chats,Facebook Chat Plugin
Chats,Fastmind
Chats,Flashchat
Chats,Floatbot
Chats,Flyzoo
Chats,Forethought AI
Chats,Froged
Chats,Front AI
Chats,Front Chat
Chats,Genesys Chat
Chats,Geniee Chat
Chats,GetChat
Chats,Giosg
Chats,Gist
Chats,Gleen
Chats,Gobot
Chats,Goftino
Chats,HappyFox Live Chat
Chats,Haptik
Chats,Hoiio
Chats,HubSpot Chat
Chats,Ideta
Chats,Ikeono
Chats,InforUMobile
Chats,InSyncai
Chats,Intaker
Chats,iSina Chat
Chats,Jenny
Chats,Joinchat
Chats,Kapture CRM
Chats,Kauz
Chats,KeyReply
Chats,Klara
Chats,Knock Knock App
Chats,Krible
Chats,Lead-Finity Webchat
Chats,Leadtex
Chats,Let's Connect
Chats,Lime Talk
Chats,LimeChat
Chats,Lindy
Chats,Lovi
Chats,Mainstay
Chats,Maisie
Chats,Medchat
Chats,Melibo
Chats,Merlin
Chats,MessageMedia
Chats,Mioot
Chats,MoinAI
Chats,Mottle
Chats,Muchat
Chats,MyLiveChat
Chats,Myma
Chats,NeoAsist
Chats,Netrox
Chats,Newo
Chats,Ngage Live Chat
Chats,Ninchat
Chats,Norby
Chats,Oct8ne
Chats,Ometrics
Chats,OnChat
Chats,Ondestek
Chats,Onlim
Chats,Online Chat Centers
Chats,OnSip
Chats,OpenChat
Chats,Pancake
Chats,Phonon
Chats,Ping Parrot
Chats,Posh
Chats,Poster
Chats,Prosperous AI
Chats,Pubble
Chats,Qiscus
Chats,Qualified
Chats,Quality Unit Help Desk
Chats,Qualva
Chats,Querlo
Chats,QuickCEP
Chats,Quickchat AI
Chats,Quicktext
Chats,Quiq Messaging
Chats,Quixchat
Chats,Rake
Chats,Raychat
Chats,Re:plain
Chats,REI Chat
Chats,Replyco
Chats,Respond.io
Chats,Responsa
Chats,Retain
Chats,REVE Chat
Chats,Rispose
Chats,Robofy
Chats,RoboReception
Chats,Ruby Chat
Chats,Sameday
Chats,Schedule Engine
Chats,SegMate
Chats,Sharpen
Chats,Shopify Chat
Chats,SignalZen
Chats,Simla
Chats,SiteGPT
Chats,Sitehood
Chats,Smilee
Chats,SnapCall
Chats,SnatchBot
Chats,Sobot Live Chat
Chats,Solvemate
Chats,Solvvy
Chats,Sonetel Chat
Chats,SpatialChat
Chats,Spatie Support Bubble
Chats,Spikmi
Chats,Subiz
Chats,Sugester
Chats,Suiteshare
Chats,Superchat
Chats,Swell CX
Chats,Tactful
Chats,Tars
Chats,Tencent QQ
Chats,Text In Church
Chats,TheBotForge
Chats,Thinking Chat
Chats,Tolk
Chats,Tooltip
Chats,Trengo
Chats,TuoTempo
Chats,Umni
Chats,Unblu Virtual Agent
Chats,Userlink
Chats,Venyoo
Chats,Vergic
Chats,VertaFlow Chat
Chats,Virtual Chat
Chats,Voizee
Chats,Warm Welcome
Chats,Webbotify
Chats,Webim
Chats,Webotit
Chats,Weply
Chats,WhatsApp Business Chat
Chats,Whelp
Chats,WidgetWhats
Chats,Wikit Live Chat
Chats,Wix Answers
Chats,WotNot
Chats,Xenioo
Chats,Xeno Chat
Chats,yellow.ai
Chats,Yomdel
Chats,Yonder
Chats,Zenvia
Chats,Zipchat
Chats,Zoko
Chats,Zoominfo Chat
Chats,Zowie
Chats,Zulip
Chats,WhatsApp
Chats,Blip
Chats,Agentforce
Cloud Services,Dell Technologies
Cloud Services,pax8
Cloud Services,3DEXPERIENCE Platform
Cloud Services,Aircall
Cloud Services,Akamai CDN Solutions
Cloud Services,Akamai Connected Cloud
Cloud Services,Akamai Identity Cloud
Cloud Services,Alibaba Cloud
Cloud Services,Altium 365
Cloud Services,Amazon API Gateway
Cloud Services,Amazon AppStream 2.0
Cloud Services,Amazon Comprehend
Cloud Services,Amazon EC2
Cloud Services,Amazon Elastic Container Service
Cloud Services,Amazon Elastic File System
Cloud Services,Amazon Lightsail
Cloud Services,Amazon Linux AMI
Cloud Services,Amazon Managed Workflows for Apache Airflow
Cloud Services,Amazon Polly
Cloud Services,Amazon Rekognition
Cloud Services,Amazon SageMaker
Cloud Services,Amazon Transcribe
Cloud Services,Amazon WorkSpaces
Cloud Services,Anchor
Cloud Services,Anypoint API Manager
Cloud Services,Apache CloudStack
Cloud Services,Apache Guacamole
Cloud Services,Apigee
Cloud Services,Apple Business Manager
Cloud Services,Apple iCloud
Cloud Services,Apple OS X Server
Cloud Services,Aptum
Cloud Services,ArcGIS Enterprise
Cloud Services,ArcGIS Online
Cloud Services,Array Networks
Cloud Services,Astra
Cloud Services,Autodesk 360
Cloud Services,AWS Amplify
Cloud Services,AWS App Runner
Cloud Services,AWS Application Load Balancer
Cloud Services,AWS AppSync
Cloud Services,AWS Bedrock
Cloud Services,AWS Cloud
Cloud Services,AWS CodeBuild
Cloud Services,AWS Elastic Beanstalk
Cloud Services,AWS Global Accelerator
Cloud Services,AWS GovCloud
Cloud Services,AWS IoT Core
Cloud Services,AWS Lambda
Cloud Services,AWS Marketplace
Cloud Services,AWS Mobile SDK
Cloud Services,AWS SDKs
Cloud Services,AWS Transfer for SFTP
Cloud Services,Axway
Cloud Services,Axway SecureTransport
Cloud Services,Azion
Cloud Services,Azure Active Directory B2C
Cloud Services,Azure AI Studio
Cloud Services,Azure AI Translator
Cloud Services,Azure API Management
Cloud Services,Azure App Center
Cloud Services,Azure App Service
Cloud Services,Azure Application Gateway
Cloud Services,Azure Artifacts
Cloud Services,Azure Automation
Cloud Services,Azure Blob Storage
Cloud Services,Azure Blockchain Service
Cloud Services,Azure Cloud Services
Cloud Services,Azure Cloud Shell
Cloud Services,Azure Cognitive Services
Cloud Services,Azure Compute
Cloud Services,Azure Container Apps
Cloud Services,Azure Container Instances
Cloud Services,Azure Data Lake Storage
Cloud Services,Azure DevOps Tool Integration
Cloud Services,Azure Digital Twins
Cloud Services,Azure Event Grid
Cloud Services,Azure Face API
Cloud Services,Azure Files
Cloud Services,Azure Form Recognizer
Cloud Services,Azure Functions
Cloud Services,Azure HDInsight
Cloud Services,Azure Identity Management
Cloud Services,Azure IoT Hub
Cloud Services,Azure Kubernetes Service
Cloud Services,Azure Language Understanding
Cloud Services,Azure Logic Apps
Cloud Services,Azure Machine Learning
Cloud Services,Azure Maps
Cloud Services,Azure OpenAI Service
Cloud Services,Azure PlayFab
Cloud Services,Azure QnA Maker
Cloud Services,Azure Queue Storage
Cloud Services,Azure Repos
Cloud Services,Azure SignalR Service
Cloud Services,Azure Static Web Apps
Cloud Services,Azure Traffic Manager
Cloud Services,Azure Virtual Machines
Cloud Services,BeyondTrust Cloud Vault
Cloud Services,Blue Coat ProxySG
Cloud Services,BlueTie Vault
Cloud Services,Boomi AtomSphere
Cloud Services,Bugsnag
Cloud Services,Check Point CloudGuard Harmony Connect
Cloud Services,Cherwell Software
Cloud Services,Cisco Meraki
Cloud Services,Cisco SASE
Cloud Services,Cisco VPN
Cloud Services,Citrix
Cloud Services,Citrix DaaS
Cloud Services,Citrix Gateway
Cloud Services,Citrix ICA
Cloud Services,Citrix ShareFile
Cloud Services,Citrix Virtual Apps
Cloud Services,Citrix Virtual Desktops
Cloud Services,Cleo Integration Cloud
Cloud Services,Clever Cloud
Cloud Services,Cloud Foundry
Cloud Services,CloudBees
Cloud Services,Cloudera
Cloud Services,Cloudflare Rocket Loader
Cloud Services,Cloudian HyperStore
Cloud Services,Cloudinary
Cloud Services,CloudPay
Cloud Services,Cognito
Cloud Services,CoinGecko API
Cloud Services,Compusense Cloud
Cloud Services,Confluent
Cloud Services,Confluent Cloud
Cloud Services,Contegix
Cloud Services,Covisint
Cloud Services,Cumulocity
Cloud Services,Cytoscape
Cloud Services,Dahua
Cloud Services,Datadog Infrastructure Monitoring
Cloud Services,Dataiku
Cloud Services,Dell ECS Enterprise Object Storage
Cloud Services,Dialpad
Cloud Services,DigitalOcean Droplets
Cloud Services,Docker Hub
Cloud Services,Drata
Cloud Services,Dropbox
Cloud Services,d.velop documents
Cloud Services,Egnyte
Cloud Services,Elastic Cloud
Cloud Services,Endurance
Cloud Services,Envoy
Cloud Services,Exoscale
Cloud Services,F5 Networks
Cloud Services,FileCloud
Cloud Services,Firebase
Cloud Services,Fortinet
Cloud Services,Fortinet FortiGate
Cloud Services,Fujitsu IaaS
Cloud Services,Gatsby Cloud
Cloud Services,Globalscape
Cloud Services,GoAnywhere MFT
Cloud Services,GoFileRoom
Cloud Services,Google App Engine
Cloud Services,Google Artifact Registry
Cloud Services,Google Cloud
Cloud Services,Google Cloud AI Platform
Cloud Services,Google Cloud Anvato
Cloud Services,Google Cloud Apigee
Cloud Services,Google Cloud APIs
Cloud Services,Google Cloud Dialogflow
Cloud Services,Google Cloud Functions
Cloud Services,Google Cloud Functions for Firebase
Cloud Services,Google Cloud Run
Cloud Services,Google Cloud Serverless
Cloud Services,Google Cloud Shell
Cloud Services,Google Cloud Speech-to-Text
Cloud Services,Google Cloud Vertex AI
Cloud Services,Google Cloud Vision API
Cloud Services,Google Colab
Cloud Services,Google Drive
Cloud Services,Google Firebase Cloud Messaging
Cloud Services,Google Firebase Remote Config
Cloud Services,Google Identity Services APIs
Cloud Services,Google Maps Platform
Cloud Services,Google Photos
Cloud Services,GoToAssist
Cloud Services,GoToTraining
Cloud Services,Gravitee.io
Cloud Services,Groq
Cloud Services,GRPC
Cloud Services,Harbor
Cloud Services,Harmony Email & Collaboration
Cloud Services,HiveMQ
Cloud Services,Hopin
Cloud Services,Hornetsecurity Spam and Malware Protection
Cloud Services,HPE Greenlake
Cloud Services,HTC VIVE
Cloud Services,Huawei
Cloud Services,IBM API Connect
Cloud Services,IBM Aspera on Cloud
Cloud Services,IBM Cloud
Cloud Services,IBM Cloud Functions
Cloud Services,IBM DataPower Gateway
Cloud Services,IBM Sterling File Gateway
Cloud Services,IBM System i Midrange Computing Server
Cloud Services,IBM WebSphere Hybrid Edition
Cloud Services,IFS Cloud
Cloud Services,Infor ION
Cloud Services,Informatica Data as a Service
Cloud Services,inMotionNow
Cloud Services,Ipswitch WhatsUp Gold
Cloud Services,Istio
Cloud Services,Istio on GKE
Cloud Services,Ivanti Service Manager
Cloud Services,Jitterbit
Cloud Services,Jumpcloud
Cloud Services,JustHost
Cloud Services,Kiteworks
Cloud Services,Kong
Cloud Services,Kong Gateway
Cloud Services,Kong Mesh
Cloud Services,Layer7 API Gateway
Cloud Services,Level 3 Communications
Cloud Services,Locaweb
Cloud Services,Logz.io
Cloud Services,MapTiler Cloud
Cloud Services,Masergy
Cloud Services,Medidata Rave Clinical Cloud
Cloud Services,MegaPath
Cloud Services,Micro Focus Service Manager
Cloud Services,Microsoft Azure Storage
Cloud Services,Microsoft Exchange Server 2003
Cloud Services,Microsoft Graph
Cloud Services,Microsoft OneDrive
Cloud Services,Microsoft OneDrive for Business
Cloud Services,Microsoft Windows Server 2000
Cloud Services,Microsoft Windows Server 2003
Cloud Services,Microsoft Windows Server 2008
Cloud Services,Microsoft Windows Server 2012
Cloud Services,Microsoft Windows Virtual Desktop
Cloud Services,MinIO
Cloud Services,MOVEit MFT
Cloud Services,Mule ESB
Cloud Services,MuleSoft Anypoint Platform
Cloud Services,N-able N-central
Cloud Services,NATS
Cloud Services,Naver Cloud Platform
Cloud Services,NEAR
Cloud Services,NetApp StorageGRID
Cloud Services,Netskope SASE
Cloud Services,NetSuite SuiteCloud
Cloud Services,Nextcloud
Cloud Services,Ntirety
Cloud Services,NVIDIA Omniverse
Cloud Services,Omnissa Horizon
Cloud Services,Onehub
Cloud Services,OneNeck IT Solutions
Cloud Services,Onshape
Cloud Services,OpenNebula
Cloud Services,OpenStack
Cloud Services,Oracle Cloud EPM
Cloud Services,Oracle Cloud Infrastructure
Cloud Services,Oracle Cloud Infrastructure Identity and Access Management
Cloud Services,Oracle Fusion Middleware
Cloud Services,Oracle Integration Cloud
Cloud Services,Oracle Internet Application Server
Cloud Services,Oracle Scripting
Cloud Services,"Oracle SOA Cloud Service, SOA Suite"
Cloud Services,Oracle Transportation Management Cloud
Cloud Services,Oracle Visual Builder Cloud Service
Cloud Services,Oracle Warehouse Management Cloud
Cloud Services,Oracle WebLogic Server
Cloud Services,OVHcloud
Cloud Services,ownCloud
Cloud Services,PagerDuty
Cloud Services,Parallels
Cloud Services,Payara Server
Cloud Services,PerimeterX
Cloud Services,phoenixNAP
Cloud Services,Pivotal tc Server
Cloud Services,Prisma Access
Cloud Services,Proxmox VE
Cloud Services,PRTG Network Monitor
Cloud Services,PTC ThingWorx
Cloud Services,PubSub+
Cloud Services,Qnap
Cloud Services,RapidAPI
Cloud Services,Red Hat
Cloud Services,Red Hat 3scale API Management
Cloud Services,Red Hat OpenShift
Cloud Services,Red Hat OpenShift 4.x
Cloud Services,Red Hat OpenShift Dedicated
Cloud Services,Red Hat Quay
Cloud Services,Remedy Single Sign On
Cloud Services,Remote Desktop Services
Cloud Services,Repl.it
Cloud Services,Rundeck
Cloud Services,Sakura Internet
Cloud Services,Salesforce Lightning
Cloud Services,Salesforce Lightning Web Components
Cloud Services,Salesforce Platform
Cloud Services,SAP Business Technology Platform
Cloud Services,SAP Cloud Platform Integration
Cloud Services,SAP Gateway
Cloud Services,SAP Integration Suite
Cloud Services,ServiceNow IT Service Management
Cloud Services,ServInt
Cloud Services,Google Workspace
Cloud Services,Zoho One
Cloud Services,SiteGround
Cloud Services,SolarWinds Observability
Cloud Services,SonarQube Cloud
Cloud Services,SonicWall SRA
Cloud Services,Splunk IT Cloud
Cloud Services,SUSE
Cloud Services,SUSE Manager
Cloud Services,Symantec Altiris
Cloud Services,Talkdesk
Cloud Services,Tanzu
Cloud Services,Tata Communications
Cloud Services,TIBCO Mashery
Cloud Services,TierPoint
Cloud Services,TPx Managed Services
Cloud Services,Tray.io
Cloud Services,Tuya IoT Development Platform
Cloud Services,Tyk
Cloud Services,VMware
Cloud Services,VMware Cloud Director
Cloud Services,VMware Horizon
Cloud Services,VMware Horizon Client
Cloud Services,VMware vCloud
Cloud Services,VMware vCloud Director
Cloud Services,VMware Virtual Desktop Infrastructure
Cloud Services,VMware Workspace ONE
Cloud Services,Volusion DNS
Cloud Services,Wasabi
Cloud Services,Windows Azure Pack
Cloud Services,Windstream
Cloud Services,Wiz
Cloud Services,WSO2 API Manager
Cloud Services,Yii Framework
Cloud Services,Zoho Sheet
Cloud Services,Zscaler ZTNA
Cloud Services,Rackspace Reseller
Cloud Services,Acquia Cloud Platform
Cloud Services,Alibaba Cloud Object Storage Service
Cloud Services,Bask Health
Cloud Services,Bernet Cloud
Cloud Services,Betty Blocks
Cloud Services,Brimble
Cloud Services,Chabokan
Cloud Services,Clientacquisition
Cloud Services,Cloudflare Workers
Cloud Services,Deno Deploy
Cloud Services,Deta
Cloud Services,F5 Distributed Cloud Services
Cloud Services,Fing
Cloud Services,Fly.io
Cloud Services,IPFS
Cloud Services,Lagoon
Cloud Services,Mirus
Cloud Services,Ocea
Cloud Services,Parmin Cloud
Cloud Services,Pressable
Cloud Services,PythonAnywhere
Cloud Services,Railway
Cloud Services,Seravo
Cloud Services,Synology DiskStation
Cloud Services,ThingPark Enterprise
Cloud Services,Tiiny Host
Cloud Services,Voximplant
Cloud Services,wp.cloud
Cloud Services,Zeabur
Cloud Services,ArcGIS
Cloud Services,Boomi
Cloud Services,Mulesoft
Cloud Services,OpenAI
Cloud Services,Render
Cloud Services,Azure Virtual Desktop
Cloud Services,Microsoft Azure
Comments,Akismet
Comments,CommentLuv
Comments,Crowdsignal
Comments,Discourse
Comments,Disqus
Comments,Facebook Comments
Comments,Gigya Comments
Comments,Gravatar
Comments,Intense Debate
Comments,Invision Power
Comments,LiveFyre
Comments,OpenWeb
Comments,SezWho
Comments,Viafoura
Comments,Annoto
Comments,Cackle
Comments,Commento
Comments,Cove
Comments,Giscus
Comments,Isso
Comments,Question2Answer
Comments,ReplyBox
Comments,Twikoo
Comments,utterances
Content Delivery Networks,Akamai
Content Delivery Networks,Amazon CloudFront
Content Delivery Networks,Amazon S3
Content Delivery Networks,Amplience
Content Delivery Networks,Ananke CDN
Content Delivery Networks,Azure CDN
Content Delivery Networks,Azure Front Door
Content Delivery Networks,BitGravity
Content Delivery Networks,Bitgravity Video Delivery
Content Delivery Networks,Bitrix CDN
Content Delivery Networks,Cachefly
Content Delivery Networks,CDN77
Content Delivery Networks,CDNetworks
Content Delivery Networks,CDNsun
Content Delivery Networks,CDNVideo
Content Delivery Networks,China Net Center
Content Delivery Networks,ChinaCache
Content Delivery Networks,CloudFlare CDN
Content Delivery Networks,Contentful
Content Delivery Networks,Digital Ocean Spaces
Content Delivery Networks,Distrify
Content Delivery Networks,DistroScale
Content Delivery Networks,EdgeCast
Content Delivery Networks,Fastly CDN
Content Delivery Networks,Google Cloud CDN
Content Delivery Networks,Google Cloud Storage
Content Delivery Networks,Highwinds
Content Delivery Networks,IELO
Content Delivery Networks,Imperva Secure CDN
Content Delivery Networks,Instart Logic
Content Delivery Networks,Internap
Content Delivery Networks,ISPrime
Content Delivery Networks,Limelight
Content Delivery Networks,MaxCDN
Content Delivery Networks,Ngenix
Content Delivery Networks,OnApp
Content Delivery Networks,Panther
Content Delivery Networks,PubNub
Content Delivery Networks,Pusher
Content Delivery Networks,RackSpace CDN
Content Delivery Networks,Radware
Content Delivery Networks,Reflected Networks
Content Delivery Networks,ScaleEngine
Content Delivery Networks,Skypark CDN
Content Delivery Networks,StackPath
Content Delivery Networks,SwiftCDN
Content Delivery Networks,Taobao
Content Delivery Networks,Tencent
Content Delivery Networks,TurboBytes
Content Delivery Networks,VHX
Content Delivery Networks,Wowza
Content Delivery Networks,Xinnet
Content Delivery Networks,Yekra
Content Delivery Networks,Yottaa
Content Delivery Networks,5centsCDN
Content Delivery Networks,Acquia Cloud Platform CDN
Content Delivery Networks,Airee
Content Delivery Networks,Alibaba Cloud CDN
Content Delivery Networks,Arc
Content Delivery Networks,ArvanCloud
Content Delivery Networks,Bunny
Content Delivery Networks,cdnjs
Content Delivery Networks,Cloud Guard
Content Delivery Networks,Cloudimage
Content Delivery Networks,CreateJS
Content Delivery Networks,DERAK.CLOUD
Content Delivery Networks,DiamondCDN
Content Delivery Networks,Dorsa Cloud
Content Delivery Networks,EdgeOne
Content Delivery Networks,Edgio
Content Delivery Networks,Filestack
Content Delivery Networks,Fireblade
Content Delivery Networks,Gatsby Cloud Image CDN
Content Delivery Networks,Gcore
Content Delivery Networks,GoCache
Content Delivery Networks,Google Hosted Libraries
Content Delivery Networks,GotiPath
Content Delivery Networks,GuardFlame
Content Delivery Networks,Hostinger CDN
Content Delivery Networks,ImageEngine
Content Delivery Networks,jQuery CDN
Content Delivery Networks,jsDelivr
Content Delivery Networks,KelonCloud
Content Delivery Networks,KeyCDN
Content Delivery Networks,KuronekoServer CDN
Content Delivery Networks,Microsoft Ajax Content Delivery Network
Content Delivery Networks,MizbanCloud
Content Delivery Networks,RawGit
Content Delivery Networks,Section.io
Content Delivery Networks,Sotoon
Content Delivery Networks,Statically
Content Delivery Networks,Tencent Cloud
Content Delivery Networks,TwicPics
Content Delivery Networks,Unpkg
Content Delivery Networks,Uploadcare
Content Delivery Networks,VergeCloud
Content Delivery Networks,Yandex.Cloud CDN
Content Delivery Networks,KRT CDN
Content Syndication Networks,AdBlade Advertisement
Content Syndication Networks,Business Wire
Content Syndication Networks,CNET Content Solutions
Content Syndication Networks,Content.ad
Content Syndication Networks,Dianomi
Content Syndication Networks,FeedBurner
Content Syndication Networks,Feedly News Reader
Content Syndication Networks,Flix Media
Content Syndication Networks,GlobeNewswire
Content Syndication Networks,Gravity
Content Syndication Networks,Instinctive Ads
Content Syndication Networks,LinkSmart
Content Syndication Networks,Native Ads
Content Syndication Networks,NewsCred
Content Syndication Networks,Nster
Content Syndication Networks,NTENT
Content Syndication Networks,Outbrain
Content Syndication Networks,Perfect Market
Content Syndication Networks,PixaBay
Content Syndication Networks,Plista
Content Syndication Networks,PR Newswire
Content Syndication Networks,PRWeb
Content Syndication Networks,RealGravity
Content Syndication Networks,SimpleReach
Content Syndication Networks,Strossle
Content Syndication Networks,Syndigo
Content Syndication Networks,Taboola
Content Syndication Networks,Vidible
Content Syndication Networks,WebCollage
Content Syndication Networks,Yahoo Recommends
Content Syndication Networks,Zemanta
Content Syndication Networks,Zergnet
Content Syndication Networks,Cision
Content Syndication Networks,RSS
Customer Relationship Management,1CRM
Customer Relationship Management,Accelo
Customer Relationship Management,Agile CRM
Customer Relationship Management,Allbound PRM
Customer Relationship Management,Apollo.io
Customer Relationship Management,Apptivo
Customer Relationship Management,AthenaHealth
Customer Relationship Management,Avectra
Customer Relationship Management,Base CRM
Customer Relationship Management,Blackbaud
Customer Relationship Management,Blackbaud eTapestry
Customer Relationship Management,Blackbaud Raiser's Edge NXT
Customer Relationship Management,Bloomerang
Customer Relationship Management,Bonterra DonorDrive
Customer Relationship Management,Bonterra Organizing
Customer Relationship Management,Brevo Sales Platform
Customer Relationship Management,BuzzStream
Customer Relationship Management,ChurnZero
Customer Relationship Management,CiviCRM
Customer Relationship Management,Clio Grow
Customer Relationship Management,commonsku
Customer Relationship Management,Creatio
Customer Relationship Management,Customerly
Customer Relationship Management,DealerSocket
Customer Relationship Management,DealHub.io
Customer Relationship Management,Deltek Vantagepoint CRM
Customer Relationship Management,Dixa
Customer Relationship Management,Contact Center Solution
Customer Relationship Management,Donorfy
Customer Relationship Management,DonorPerfect
Customer Relationship Management,DonorSnap
Customer Relationship Management,DonorView
Customer Relationship Management,Doxim CCM
Customer Relationship Management,DriveCentric
Customer Relationship Management,Dynamics 365 Customer Insights
Customer Relationship Management,Eudonet CRM
Customer Relationship Management,Fenergo Platform
Customer Relationship Management,Freshworks
Customer Relationship Management,Freshworks CRM
Customer Relationship Management,Funnel CRM
Customer Relationship Management,Gainsight CS
Customer Relationship Management,Gingr
Customer Relationship Management,Gladly
Customer Relationship Management,GreenRope CRM
Customer Relationship Management,Greenway Health Patient Portal
Customer Relationship Management,HoneyBook
Customer Relationship Management,HubSpot Sales Hub
Customer Relationship Management,HubSpot Service Hub
Customer Relationship Management,iMIS
Customer Relationship Management,Impartner PRM
Customer Relationship Management,Microsoft Dynamics 365 CE
Customer Relationship Management,Infor SalesLogix
Customer Relationship Management,InfusionSoft
Customer Relationship Management,Insightly
Customer Relationship Management,Insightly Service
Customer Relationship Management,Investor Management Services
Customer Relationship Management,Jive
Customer Relationship Management,Khoros
Customer Relationship Management,Kindful
Customer Relationship Management,Kommo
Customer Relationship Management,Lawmatics
Customer Relationship Management,LeanData
Customer Relationship Management,Lime CRM
Customer Relationship Management,Microsoft Dynamics 365
Customer Relationship Management,Microsoft Dynamics 365 Customer Engagement
Customer Relationship Management,Microsoft Dynamics 365 Customer Service
Customer Relationship Management,Microsoft Dynamics 365 Customer Voice
Customer Relationship Management,Microsoft Dynamics CRM
Customer Relationship Management,Mindmatrix PRM
Customer Relationship Management,Mindtickle
Customer Relationship Management,Monday sales CRM
Customer Relationship Management,NeonCRM
Customer Relationship Management,netFORUM Pro
Customer Relationship Management,NetSuite CRM
Customer Relationship Management,NICE CXone Expert
Customer Relationship Management,NICE CXone Mpower
Customer Relationship Management,Nimble AMS
Customer Relationship Management,Odoo CRM
Customer Relationship Management,Ontraport
Customer Relationship Management,Optimove
Customer Relationship Management,Oracle CPQ
Customer Relationship Management,Oracle Customer Experience (CX) Cloud Suite
Customer Relationship Management,Oracle CX Cloud Suite
Customer Relationship Management,Oracle EBS CRM
Customer Relationship Management,Oracle Engagement Cloud
Customer Relationship Management,Oracle Siebel CRM
Customer Relationship Management,Pega CRM Suite
Customer Relationship Management,Pega Customer Decision Hub
Customer Relationship Management,PeopleSoft CRM
Customer Relationship Management,Planhat
Customer Relationship Management,Press Ganey HX Platform
Customer Relationship Management,QuoteWerks
Customer Relationship Management,Redtail CRM
Customer Relationship Management,Redtail Technology
Customer Relationship Management,RepairShopr
Customer Relationship Management,Rev.io
Customer Relationship Management,Sage CRM
Customer Relationship Management,Salesforce
Customer Relationship Management,Salesforce Community Cloud
Customer Relationship Management,Salesforce Customer Data Platform
Customer Relationship Management,Salesforce Elevate
Customer Relationship Management,Salesforce Experience Cloud Suite
Customer Relationship Management,Salesforce Sales Cloud
Customer Relationship Management,Salesforce Services
Customer Relationship Management,Salesforce VisualForce
Customer Relationship Management,Salesforce Web-To-Lead
Customer Relationship Management,Salesmate
Customer Relationship Management,Salsa CRM
Customer Relationship Management,SAP C/4 HANA
Customer Relationship Management,SAP Customer Identity and Access Management for B2B
Customer Relationship Management,SAP Sales Cloud
Customer Relationship Management,SAP Supplier Relationship Management
Customer Relationship Management,Sellsy
Customer Relationship Management,ServiceNow Customer Service Management
Customer Relationship Management,SheerID
Customer Relationship Management,Siebel PRM
Customer Relationship Management,SimpleNexus
Customer Relationship Management,Sugar CRM
Customer Relationship Management,Swiftpage
Customer Relationship Management,TargetX
Customer Relationship Management,Teamleader CRM
Customer Relationship Management,Telligent
Customer Relationship Management,TopProducer
Customer Relationship Management,Total Expert
Customer Relationship Management,Veeva Systems
Customer Relationship Management,Velocify
Customer Relationship Management,Verint Voice of the Customer
Customer Relationship Management,Virtuous CRM
Customer Relationship Management,Vlocity
Customer Relationship Management,Vtiger CRM
Customer Relationship Management,Yesware
Customer Relationship Management,Zendesk for Service
Customer Relationship Management,Zendesk Sell
Customer Relationship Management,Zoho
Customer Relationship Management,Zoho CRM
Customer Relationship Management,ZoomInfo Sales
Customer Relationship Management,Aiva
Customer Relationship Management,Alumni Channel
Customer Relationship Management,amoCRM
Customer Relationship Management,Anexis
Customer Relationship Management,Anthology Encompass
Customer Relationship Management,Apodle
Customer Relationship Management,Armin
Customer Relationship Management,Arnica
Customer Relationship Management,AroSoftware
Customer Relationship Management,Astute Solutions
Customer Relationship Management,Automabots
Customer Relationship Management,Avizi
Customer Relationship Management,Batchbook
Customer Relationship Management,Beddy
Customer Relationship Management,Bettermode
Customer Relationship Management,Bigin
Customer Relationship Management,Bonsai
Customer Relationship Management,Bookboost
Customer Relationship Management,Bookster
Customer Relationship Management,Bowtie
Customer Relationship Management,Brivity
Customer Relationship Management,Buz Club
Customer Relationship Management,Capsule CRM
Customer Relationship Management,CAPYS
Customer Relationship Management,CareCloud
Customer Relationship Management,Caremerge
Customer Relationship Management,Casafari
Customer Relationship Management,CDK Global
Customer Relationship Management,Chefpreneur
Customer Relationship Management,Civic Champs
Customer Relationship Management,CleanCore
Customer Relationship Management,ClinicSense
Customer Relationship Management,Conexa
Customer Relationship Management,Convert and Flow
Customer Relationship Management,Cosmedcloud
Customer Relationship Management,CRM+
Customer Relationship Management,CRMBOOST
Customer Relationship Management,Daktela Omnichannel
Customer Relationship Management,Datascape
Customer Relationship Management,DenGro
Customer Relationship Management,Deskero
Customer Relationship Management,Didar
Customer Relationship Management,Docket
Customer Relationship Management,DoorLoop
Customer Relationship Management,DX1
Customer Relationship Management,EasyBroker
Customer Relationship Management,Elenore
Customer Relationship Management,Ellucian CRM Recruit
Customer Relationship Management,Elromco
Customer Relationship Management,Entresoft
Customer Relationship Management,Erxes
Customer Relationship Management,eShopCRM
Customer Relationship Management,EspoCRM
Customer Relationship Management,Facilita
Customer Relationship Management,Fleetee
Customer Relationship Management,Flipping Pro CRM
Customer Relationship Management,Follow Up Boss
Customer Relationship Management,Fullbay
Customer Relationship Management,Fuzey Channels
Customer Relationship Management,Gestim
Customer Relationship Management,Giveffect
Customer Relationship Management,Gloo
Customer Relationship Management,GlueUp
Customer Relationship Management,Gorilla Dash
Customer Relationship Management,Hapana
Customer Relationship Management,HappyFox Helpdesk
Customer Relationship Management,Helpwise
Customer Relationship Management,Hi Platform
Customer Relationship Management,HiBob
Customer Relationship Management,Hikari CS
Customer Relationship Management,Hiver
Customer Relationship Management,Hoowla
Customer Relationship Management,Hubtiger
Customer Relationship Management,ICE
Customer Relationship Management,Infor
Customer Relationship Management,Iteras
Customer Relationship Management,Join It
Customer Relationship Management,Keap
Customer Relationship Management,Kenect
Customer Relationship Management,Kundo
Customer Relationship Management,KVCore
Customer Relationship Management,Lasso CRM
Customer Relationship Management,Laylo
Customer Relationship Management,Lead Generated
Customer Relationship Management,LeadChat
Customer Relationship Management,Leadific
Customer Relationship Management,LeadSimple
Customer Relationship Management,Lenus
Customer Relationship Management,LEVERADE
Customer Relationship Management,Ligna
Customer Relationship Management,Mashore Method
Customer Relationship Management,Mazrica
Customer Relationship Management,MDS Brand
Customer Relationship Management,MembershipWorks
Customer Relationship Management,Mico
Customer Relationship Management,Mimiran
Customer Relationship Management,Mintox
Customer Relationship Management,Mirai
Customer Relationship Management,Molin AI
Customer Relationship Management,Moyklass
Customer Relationship Management,MRI Box and Dice
Customer Relationship Management,MRI Eagle
Customer Relationship Management,MyAlice
Customer Relationship Management,NOCNOK
Customer Relationship Management,NoPaperForms
Customer Relationship Management,Northstar Club Management
Customer Relationship Management,OperateBeyond
Customer Relationship Management,Pepper Cloud
Customer Relationship Management,Percy
Customer Relationship Management,Perfect Storm
Customer Relationship Management,Perfex CRM
Customer Relationship Management,Phorest
Customer Relationship Management,Pico
Customer Relationship Management,Pilera
Customer Relationship Management,Piperun
Customer Relationship Management,Plait
Customer Relationship Management,Plannit
Customer Relationship Management,Plutio
Customer Relationship Management,Popcorn CRM
Customer Relationship Management,Popmix
Customer Relationship Management,Power CRM
Customer Relationship Management,Practice Perfect
Customer Relationship Management,Praedium
Customer Relationship Management,ProdPad
Customer Relationship Management,Profeat
Customer Relationship Management,Property Shell
Customer Relationship Management,PropFlo
Customer Relationship Management,Prostoy
Customer Relationship Management,Pubfunnels
Customer Relationship Management,Qomon
Customer Relationship Management,Rapid Active CRM
Customer Relationship Management,RE-OS.com
Customer Relationship Management,Reviews Up
Customer Relationship Management,Richpanel
Customer Relationship Management,Rinsed
Customer Relationship Management,Roller
Customer Relationship Management,Rollick
Customer Relationship Management,Rubic
Customer Relationship Management,Saabu
Customer Relationship Management,SabeeApp
Customer Relationship Management,SalesCandy
Customer Relationship Management,Salesforce Desk
Customer Relationship Management,Salesmachine
Customer Relationship Management,SalesMatch
Customer Relationship Management,Salespype
Customer Relationship Management,SberCRM
Customer Relationship Management,ServiceCore
Customer Relationship Management,Showdigs
Customer Relationship Management,Sierra Interactive
Customer Relationship Management,SM Sold
Customer Relationship Management,SniperCRM
Customer Relationship Management,Soffront CRM
Customer Relationship Management,SoftwareSuggest
Customer Relationship Management,SOTA CRM
Customer Relationship Management,Spoki
Customer Relationship Management,Spruce
Customer Relationship Management,StoragePug
Customer Relationship Management,Subscribfy
Customer Relationship Management,SuiteCRM
Customer Relationship Management,Swat.io
Customer Relationship Management,Talentegy
Customer Relationship Management,TDO Software
Customer Relationship Management,TeamUnify
Customer Relationship Management,Tebra
Customer Relationship Management,Tender Support
Customer Relationship Management,Textline
Customer Relationship Management,Tiled
Customer Relationship Management,Tint Wiz
Customer Relationship Management,TravPRO
Customer Relationship Management,TRIBUS
Customer Relationship Management,Twyne
Customer Relationship Management,Universe Soft
Customer Relationship Management,Unless
Customer Relationship Management,Uplifter
Customer Relationship Management,Vantaca
Customer Relationship Management,Veloce
Customer Relationship Management,Vepaar
Customer Relationship Management,Virtuagym
Customer Relationship Management,Wabi
Customer Relationship Management,Wati
Customer Relationship Management,Wise Agent
Customer Relationship Management,WoowUp
Customer Relationship Management,Workadu
Customer Relationship Management,Workbooks
Customer Relationship Management,WORKetc
Customer Relationship Management,YogaTrail
Customer Relationship Management,Zenu
Customer Relationship Management,Salesforce CRM
Customer Relationship Management,Copper
Customer Relationship Management,Gong
Customer Relationship Management,Airship CRM
Customer Reviews,Ausgezeichnet
Customer Reviews,Avis Verifies
Customer Reviews,Bazaarvoice
Customer Reviews,Birdeye
Customer Reviews,Bizrate
Customer Reviews,BrightLocal
Customer Reviews,Capterra
Customer Reviews,Chatmeter
Customer Reviews,Customer Alliance
Customer Reviews,Demandforce Reviews Widget
Customer Reviews,Ekomi
Customer Reviews,ExpertVoice
Customer Reviews,FeeFo
Customer Reviews,Fia-net
Customer Reviews,Foxrate
Customer Reviews,Gainsight
Customer Reviews,GetApp
Customer Reviews,Glassdoor
Customer Reviews,Glassdoor for Employers
Customer Reviews,GoodFirms
Customer Reviews,Google Business Profile
Customer Reviews,Google Customer Reviews
Customer Reviews,Guild Quality
Customer Reviews,Healthgrades
Customer Reviews,Junip
Customer Reviews,Judge.me
Customer Reviews,Kiyoh.nl
Customer Reviews,Partoo
Customer Reviews,PowerReviews
Customer Reviews,Press Ganey Patient Experience
Customer Reviews,PriceGrabber
Customer Reviews,Reevoo
Customer Reviews,ResellerRatings
Customer Reviews,Review Buzz
Customer Reviews,ReviewCentre
Customer Reviews,ReviewPro
Customer Reviews,Reviews.co.uk
Customer Reviews,Reviews.io
Customer Reviews,Shopauskunft
Customer Reviews,Shopper Approved
Customer Reviews,ShopVote
Customer Reviews,Sitejabber
Customer Reviews,Software Advice
Customer Reviews,Stamped
Customer Reviews,Synup
Customer Reviews,TechValidate
Customer Reviews,The Feedback Company
Customer Reviews,TrustedShops
Customer Reviews,Trustpilot
Customer Reviews,TrustRadius
Customer Reviews,TrustYou
Customer Reviews,Alchemer Mobile
Customer Reviews,Alpha Review
Customer Reviews,Appzi
Customer Reviews,AskNicely
Customer Reviews,Clutch
Customer Reviews,Contlo
Customer Reviews,Famewall
Customer Reviews,Fera
Customer Reviews,Flamp
Customer Reviews,FlockRocket
Customer Reviews,Frill
Customer Reviews,GetReview
Customer Reviews,GoodReviews
Customer Reviews,HulkApps Product Reviews
Customer Reviews,iiQ Check
Customer Reviews,Influenster
Customer Reviews,Klaviyo Reviews
Customer Reviews,Kudobuzz
Customer Reviews,Letro
Customer Reviews,LipScore
Customer Reviews,LoyaltyLoop
Customer Reviews,MoreVago
Customer Reviews,Myli
Customer Reviews,Oculizm
Customer Reviews,Okendo
Customer Reviews,Orankl
Customer Reviews,Poll Maker
Customer Reviews,PulseM
Customer Reviews,Ratesight
Customer Reviews,RealSatisfied
Customer Reviews,Rep.co
Customer Reviews,Repuso
Customer Reviews,Reputon
Customer Reviews,Reviefy
Customer Reviews,Review Stars
Customer Reviews,Review Wave
Customer Reviews,Reviewdoku
Customer Reviews,ReviewForest
Customer Reviews,Reviewgrower
Customer Reviews,ReviewLead
Customer Reviews,ReviewRail
Customer Reviews,Reviewshake
Customer Reviews,ReviewSolicitors
Customer Reviews,Rockee
Customer Reviews,Ryviu
Customer Reviews,SafeBuy
Customer Reviews,Senja
Customer Reviews,Serchen
Customer Reviews,Shapo
Customer Reviews,Shoutout Testimonial
Customer Reviews,SocialJuice
Customer Reviews,Societe des Avis Garantis
Customer Reviews,SoTellUs
Customer Reviews,Tagshop
Customer Reviews,TestFreaks
Customer Reviews,Testimonial Robot
Customer Reviews,Thimatic
Customer Reviews,true
Customer Reviews,Trustify
Customer Reviews,Trustindex
Customer Reviews,Trustio
Customer Reviews,Trustspot
Customer Reviews,Vizium
Customer Reviews,VocalReferences
Customer Reviews,Vouchley
Customer Reviews,VReview
Customer Reviews,Wally
Customer Reviews,WinLocal
Customer Reviews,Wiremo
Customer Reviews,Word of Mouth
Customer Reviews,Yotpo Reviews
Customer Reviews,Zoorate
Customer Reviews,Zyratalk
Customer Reviews,Broadly
Customer Reviews,Yelp
Data Management Platform,1WorldSync
Data Management Platform,Acxiom
Data Management Platform,Adform DMP
Data Management Platform,Adobe Audience Manager
Data Management Platform,Adobe Real-Time CDP
Data Management Platform,Airbyte
Data Management Platform,Alation Data Catalog
Data Management Platform,Amobee DMP
Data Management Platform,Amperity
Data Management Platform,Apache Arrow
Data Management Platform,ArcGIS GeoEvent Server
Data Management Platform,Atlan
Data Management Platform,AudienceScience
Data Management Platform,BIOVIA Pipeline Pilot
Data Management Platform,Blueconic
Data Management Platform,Bombora
Data Management Platform,Brilig
Data Management Platform,Clearbit
Data Management Platform,Cloudera Data Platform
Data Management Platform,CommCare
Data Management Platform,Conversant CORE
Data Management Platform,CookiePro
Data Management Platform,Cribl
Data Management Platform,Crowd Science
Data Management Platform,Crownpeak Universal Consent Platform
Data Management Platform,Datadog Log Management
Data Management Platform,DataLogix
Data Management Platform,Denodo
Data Management Platform,Enreach
Data Management Platform,Epsilon Data
Data Management Platform,Flatfile
Data Management Platform,Flxone
Data Management Platform,FME Platform
Data Management Platform,GroupBy
Data Management Platform,Hightouch
Data Management Platform,Informatica
Data Management Platform,Informatica API and Application Integration
Data Management Platform,KickFire
Data Management Platform,LexisNexis Risk Solutions
Data Management Platform,LiveRamp
Data Management Platform,LiveRamp Match Partners
Data Management Platform,Lotame Spherical Platform
Data Management Platform,Majestic
Data Management Platform,Navegg
Data Management Platform,Nielsen DMP
Data Management Platform,NuggAd
Data Management Platform,OneTrust Privacy Automation
Data Management Platform,OneTrust Vendorpedia
Data Management Platform,Oracle BlueKai Data Management Platform
Data Management Platform,Oracle Data Cloud
Data Management Platform,Osano
Data Management Platform,Permutive
Data Management Platform,Piano Analytics
Data Management Platform,Plate IQ
Data Management Platform,Platform 161
Data Management Platform,REDCap
Data Management Platform,Rockerbox
Data Management Platform,RudderStack
Data Management Platform,Salesforce DMP
Data Management Platform,Segment
Data Management Platform,Simon Data
Data Management Platform,SnapLogic- Data Integration and Automation
Data Management Platform,Snowflake
Data Management Platform,Snowflake Data Warehouse
Data Management Platform,Socrata Open Data API
Data Management Platform,Sojern
Data Management Platform,Stitch
Data Management Platform,Triple Whale
Data Management Platform,Synology
Data Management Platform,Tableau Cloud
Data Management Platform,TailTarget
Data Management Platform,Tealium Customer Data Hub
Data Management Platform,TIBCO EBX
Data Management Platform,TrustArc
Data Management Platform,Usercentrics
Data Management Platform,Zencoder
Data Management Platform,Ab Initio
Data Management Platform,ZoomInfo DaaS
Data Management Platform,Able CDP
Data Management Platform,Acquia Customer Data Platform
Data Management Platform,Antsomi CDP 365
Data Management Platform,Aptania
Data Management Platform,Asapp
Data Management Platform,Bandwango
Data Management Platform,Bloom Labs
Data Management Platform,Bread & Butter
Data Management Platform,CleverData
Data Management Platform,Cooladata
Data Management Platform,Custobar
Data Management Platform,Datatrics
Data Management Platform,FirstHive
Data Management Platform,Fueled
Data Management Platform,Fullpath
Data Management Platform,Klaviyo Data Platform
Data Management Platform,Leadspace
Data Management Platform,Lexer
Data Management Platform,Merge
Data Management Platform,Netcore Cloud
Data Management Platform,Pinpoll
Data Management Platform,Poltio
Data Management Platform,PriceSpider
Data Management Platform,Rocket Tools
Data Management Platform,Salesforce Audience Studio
Data Management Platform,Segmetrics
Data Management Platform,Sirdata
Data Management Platform,Sitecore Engagement Cloud
Data Management Platform,Skeepers
Data Management Platform,SmartDX
Data Management Platform,Spotler Activate
Data Management Platform,Stibo
Data Management Platform,Sub2Tech
Data Management Platform,Tail
Data Management Platform,Unito Hub
Data Management Platform,Wootric
Data Management Platform,Zeotap
Data Management Platform,Experian
Data Management Platform,Conduit
Data Management Platform,Tealium AudienceStream
Demand Side Platforms,33Across
Demand Side Platforms,Adelphic DSP
Demand Side Platforms,Adobe Advertising Cloud
Demand Side Platforms,Dv360
Demand Side Platforms,FreakOut
Demand Side Platforms,GDM Digital
Demand Side Platforms,GenesisMedia
Demand Side Platforms,MediaMath
Demand Side Platforms,Prebid
Demand Side Platforms,Pulse SDP
Demand Side Platforms,RocketFuel
Demand Side Platforms,Roku OneView
Demand Side Platforms,Simpli.fi
Demand Side Platforms,Sizmek DSP
Demand Side Platforms,The Trade Desk
Demand Side Platforms,Tradelab
Demand Side Platforms,Triggit
Demand Side Platforms,Xandr
Demand Side Platforms,Yahoo Ad Manager Plus
Demand Side Platforms,Basis
Domain Name Services,123-reg DNS
Domain Name Services,A2 Hosting DNS
Domain Name Services,Akamai Edge DNS
Domain Name Services,Amazon Route 53
Domain Name Services,Aruba DNS
Domain Name Services,AT&T DNS
Domain Name Services,Azure DNS
Domain Name Services,Binero
Domain Name Services,Blue Host DNS
Domain Name Services,Cloudflare DNS
Domain Name Services,Cotendo
Domain Name Services,CSC Corporate Domains
Domain Name Services,Digital Ocean DNS
Domain Name Services,DNS2Go
Domain Name Services,DNS.com
Domain Name Services,DNS Made Easy
Domain Name Services,DNSimple
Domain Name Services,DNSMax
Domain Name Services,DNSPark
Domain Name Services,DNSPod
Domain Name Services,DreamHost DNS
Domain Name Services,DtDNS
Domain Name Services,Dyn Managed DNS
Domain Name Services,DynDNS
Domain Name Services,DynIP
Domain Name Services,EasyDNS
Domain Name Services,EdgeDirector
Domain Name Services,Enom
Domain Name Services,Fasthosts
Domain Name Services,Frobbit
Domain Name Services,gandi.net
Domain Name Services,GoDaddy Domains
Domain Name Services,Google Cloud DNS
Domain Name Services,Hostgator DNS
Domain Name Services,Infoblox
Domain Name Services,InMotion Hosting DNS
Domain Name Services,Internap DNS
Domain Name Services,iPage DNS
Domain Name Services,LoadDNS
Domain Name Services,Loopia
Domain Name Services,Media Temple DNS
Domain Name Services,Melbourne IT
Domain Name Services,Netnames Cedel
Domain Name Services,Netriplex
Domain Name Services,Nexcess Domain Registration
Domain Name Services,NMU AB
Domain Name Services,Nominum
Domain Name Services,NS1
Domain Name Services,pointHQ
Domain Name Services,Ports IT
Domain Name Services,Prolexic DNS
Domain Name Services,RackSpace DNS
Domain Name Services,Rebrandly
Domain Name Services,Return Path
Domain Name Services,Riktad AB
Domain Name Services,SiteGround DNS
Domain Name Services,Sprint
Domain Name Services,Svenska domaner
Domain Name Services,TDC
Domain Name Services,UltraDns
Domain Name Services,Verisign
Domain Name Services,WorldwideDNS
Domain Name Services,Zerigo
Domain Name Services,ZoneEdit
Domain Name Services,Arsys Domain Parking
Domain Name Services,GoDaddy Domain Parking
Domain Name Services,JS.org
Domain Name Services,CSC
E-commerce Platforms,Amazon Business
E-commerce Platforms,1shoppingcart
E-commerce Platforms,3D cart
E-commerce Platforms,ACI Worldwide
E-commerce Platforms,Actinic
E-commerce Platforms,Adobe Business Catalyst
E-commerce Platforms,Aleyant Pressero
E-commerce Platforms,Alibaba
E-commerce Platforms,Amazon Webstore
E-commerce Platforms,AmeriCommerce
E-commerce Platforms,Aplazame
E-commerce Platforms,Ascentium Commerce Server
E-commerce Platforms,AspDotNetStorefront
E-commerce Platforms,Bamboo Rose
E-commerce Platforms,Bandcamp
E-commerce Platforms,BigCartel
E-commerce Platforms,BigCommerce
E-commerce Platforms,Black Knight
E-commerce Platforms,Booker
E-commerce Platforms,BorderFree
E-commerce Platforms,Boxever
E-commerce Platforms,Branding Brand
E-commerce Platforms,Canal
E-commerce Platforms,Cin7 Omni
E-commerce Platforms,Cleverbridge
E-commerce Platforms,Coinbase
E-commerce Platforms,Commerce7
E-commerce Platforms,commercetools
E-commerce Platforms,CoreCommerce
E-commerce Platforms,Craft Commerce
E-commerce Platforms,CS Cart
E-commerce Platforms,CubeCart
E-commerce Platforms,DEAR Inventory
E-commerce Platforms,Demandware
E-commerce Platforms,Dutchie
E-commerce Platforms,Dynamicweb eCommerce Suite
E-commerce Platforms,eBay
E-commerce Platforms,EC CUBE
E-commerce Platforms,Ecwid
E-commerce Platforms,EKM
E-commerce Platforms,EKM Powershop
E-commerce Platforms,Elastic Path
E-commerce Platforms,Engagedly
E-commerce Platforms,Aloha POS
E-commerce Platforms,Epages
E-commerce Platforms,Finastra
E-commerce Platforms,Foursixty
E-commerce Platforms,FoxyCart
E-commerce Platforms,Frosmo
E-commerce Platforms,GoECart
E-commerce Platforms,GSI
E-commerce Platforms,Haravan Haraweb
E-commerce Platforms,HCL Commerce Cloud
E-commerce Platforms,Hotmart
E-commerce Platforms,Hybris (SAP)
E-commerce Platforms,InkSoft
E-commerce Platforms,inriver PIM
E-commerce Platforms,InSales
E-commerce Platforms,Intershop
E-commerce Platforms,Iugu
E-commerce Platforms,Jonas POS
E-commerce Platforms,JOOR
E-commerce Platforms,JTL-Shop 3
E-commerce Platforms,JTL-Shop
E-commerce Platforms,Jumpseller
E-commerce Platforms,Kalio
E-commerce Platforms,Kibo Commerce
E-commerce Platforms,Knocommerce
E-commerce Platforms,KonaKart
E-commerce Platforms,LeafLink
E-commerce Platforms,Lightspeed
E-commerce Platforms,Lightspeed Retail
E-commerce Platforms,Litium
E-commerce Platforms,Mad Mobile
E-commerce Platforms,Magento
E-commerce Platforms,Magento 1.9
E-commerce Platforms,Magento 2
E-commerce Platforms,Magento 2 Enterprise
E-commerce Platforms,Magento Enterprise
E-commerce Platforms,Magento Open Source
E-commerce Platforms,Mailchimp Stores
E-commerce Platforms,Manhattan Active Omni
E-commerce Platforms,Manhattan Active® Order Management
E-commerce Platforms,Marketlive
E-commerce Platforms,Microsoft Dynamics 365 Commerce
E-commerce Platforms,Miva
E-commerce Platforms,Mobify
E-commerce Platforms,Moneris
E-commerce Platforms,Moneris Online
E-commerce Platforms,Moovweb
E-commerce Platforms,Mozu
E-commerce Platforms,MyCommerce
E-commerce Platforms,Narvar
E-commerce Platforms,NCR Retail
E-commerce Platforms,Netcore Unbxd
E-commerce Platforms,Neto by Maropost
E-commerce Platforms,NetSuite E-commerce
E-commerce Platforms,NetSuite SuiteCommerce
E-commerce Platforms,NitroSell
E-commerce Platforms,NopCommerce
E-commerce Platforms,Nuvem Shop
E-commerce Platforms,OpenCart
E-commerce Platforms,Oracle Commerce
E-commerce Platforms,Oracle Commerce Cloud
E-commerce Platforms,Ordergroove
E-commerce Platforms,Oscar ECommerce
E-commerce Platforms,osCommerce
E-commerce Platforms,Oxatis
E-commerce Platforms,Oxid
E-commerce Platforms,Oxid eShop
E-commerce Platforms,Paymentech
E-commerce Platforms,PINNACLE CART
E-commerce Platforms,Pixafy
E-commerce Platforms,Pixieset
E-commerce Platforms,PlentyMarkets
E-commerce Platforms,Premium Web Cart
E-commerce Platforms,PrestaShop
E-commerce Platforms,ProductCart
E-commerce Platforms,Prom.ua
E-commerce Platforms,Qwikcilver
E-commerce Platforms,Rebuy
E-commerce Platforms,Adobe Commerce
E-commerce Platforms,Revel iPad POS
E-commerce Platforms,Salesforce Commerce Cloud
E-commerce Platforms,SalonBiz / SpaBiz
E-commerce Platforms,Salesforce Commerce Cloud SFRA
E-commerce Platforms,Salesforce Commerce for B2B
E-commerce Platforms,Salla
E-commerce Platforms,Salsify
E-commerce Platforms,Samsung Pay
E-commerce Platforms,Samsung Wallet
E-commerce Platforms,SAP Ariba Buying
E-commerce Platforms,SAP Commerce Cloud
E-commerce Platforms,SAP Hybris B2B Commerce
E-commerce Platforms,SAP Spartacus
E-commerce Platforms,Selz
E-commerce Platforms,SendOwl
E-commerce Platforms,ShipStation
E-commerce Platforms,Shogun
E-commerce Platforms,ShootProof
E-commerce Platforms,Shoper
E-commerce Platforms,Shopgate
E-commerce Platforms,Shopify
E-commerce Platforms,Shopify Custom
E-commerce Platforms,Shopify Developer Platform
E-commerce Platforms,Shopify Hydrogen
E-commerce Platforms,Shopify Product Reviews
E-commerce Platforms,Shopp
E-commerce Platforms,Shoprocket
E-commerce Platforms,shopserve
E-commerce Platforms,ShopSite
E-commerce Platforms,ShopVisible
E-commerce Platforms,Shopware
E-commerce Platforms,Signifyd
E-commerce Platforms,SimpleCart
E-commerce Platforms,Simplero
E-commerce Platforms,Sitecore Commerce
E-commerce Platforms,Snipcart
E-commerce Platforms,Spree
E-commerce Platforms,Spryker Cloud Commerce OS
E-commerce Platforms,Square Online
E-commerce Platforms,Squarespace ECommerce
E-commerce Platforms,Tapcart
E-commerce Platforms,Thinkific
E-commerce Platforms,Tictail
E-commerce Platforms,TouchNet U.Commerce
E-commerce Platforms,Tradepending
E-commerce Platforms,Tradeshift
E-commerce Platforms,Ubercart
E-commerce Platforms,UltraCart
E-commerce Platforms,UniteU
E-commerce Platforms,Upshot Commerce
E-commerce Platforms,Usablenet
E-commerce Platforms,Vantiv
E-commerce Platforms,Venda
E-commerce Platforms,Virtuemart
E-commerce Platforms,Vistaprint
E-commerce Platforms,Visualsoft
E-commerce Platforms,Volusion
E-commerce Platforms,Vtex
E-commerce Platforms,WebLinc
E-commerce Platforms,Woo Commerce
E-commerce Platforms,Woo Commerce Memberships
E-commerce Platforms,WP eCommerce
E-commerce Platforms,X-Cart
E-commerce Platforms,Xt-commerce
E-commerce Platforms,Yahoo! Small Business
E-commerce Platforms,Yahoo Store
E-commerce Platforms,Zazzle
E-commerce Platforms,Zen Cart
E-commerce Platforms,Zenfolio
E-commerce Platforms,Znode Storefront
E-commerce Platforms,Zoovy
E-commerce Platforms,2ClickShop
E-commerce Platforms,42stores
E-commerce Platforms,4Partners CMS
E-commerce Platforms,91App
E-commerce Platforms,Aacio
E-commerce Platforms,Aasaan
E-commerce Platforms,AbanteCart
E-commerce Platforms,Abicart
E-commerce Platforms,ABOUT YOU Commerce Suite
E-commerce Platforms,Accesso
E-commerce Platforms,AceShop
E-commerce Platforms,Activ8 Commerce
E-commerce Platforms,Adevole
E-commerce Platforms,Adimo
E-commerce Platforms,Advin
E-commerce Platforms,Aedi
E-commerce Platforms,Afosto
E-commerce Platforms,AfterBuy
E-commerce Platforms,AIMEOS
E-commerce Platforms,Akilli Ticaret
E-commerce Platforms,Akinon
E-commerce Platforms,AkoCommerce
E-commerce Platforms,AlMatjar
E-commerce Platforms,Amasty
E-commerce Platforms,Apanio
E-commerce Platforms,Aphix
E-commerce Platforms,AppSell
E-commerce Platforms,AptusShop
E-commerce Platforms,Arastta
E-commerce Platforms,Argento
E-commerce Platforms,ARI Network Services
E-commerce Platforms,Artifi
E-commerce Platforms,Askas
E-commerce Platforms,Aspin
E-commerce Platforms,AstraFit
E-commerce Platforms,ATSHOP
E-commerce Platforms,Avasam
E-commerce Platforms,Awtomic
E-commerce Platforms,Azoya
E-commerce Platforms,bdok
E-commerce Platforms,Beeshop
E-commerce Platforms,BigCommerce B2B Edition
E-commerce Platforms,Bigshop
E-commerce Platforms,Bigware
E-commerce Platforms,Bikayi
E-commerce Platforms,Billgang
E-commerce Platforms,BinderPOS
E-commerce Platforms,Blackcart
E-commerce Platforms,BLAZE
E-commerce Platforms,BMT Micro
E-commerce Platforms,Bodygram
E-commerce Platforms,Bold Options
E-commerce Platforms,BookManager
E-commerce Platforms,Bootic
E-commerce Platforms,Bottle360
E-commerce Platforms,Boutir
E-commerce Platforms,Brink Commerce
E-commerce Platforms,Bsale
E-commerce Platforms,ButterMove
E-commerce Platforms,Cart Functionality
E-commerce Platforms,Cart.com
E-commerce Platforms,Cartera
E-commerce Platforms,Cartpanda
E-commerce Platforms,CartPops
E-commerce Platforms,Carussel
E-commerce Platforms,CCV Shop
E-commerce Platforms,Celebros
E-commerce Platforms,Centra
E-commerce Platforms,Checkout Champ
E-commerce Platforms,Clayful
E-commerce Platforms,CloudCart
E-commerce Platforms,Cloudfy
E-commerce Platforms,Cloudify.store
E-commerce Platforms,Cluster CIS
E-commerce Platforms,CMoffer
E-commerce Platforms,Cococart
E-commerce Platforms,Comarch e-Sklep
E-commerce Platforms,Comgem
E-commerce Platforms,CommentSold
E-commerce Platforms,Commerce Engine
E-commerce Platforms,Commerce Vision
E-commerce Platforms,Commerce.js
E-commerce Platforms,CommerceHQ
E-commerce Platforms,Commercio
E-commerce Platforms,Common Ground
E-commerce Platforms,Comms
E-commerce Platforms,Composite Products
E-commerce Platforms,Convertr
E-commerce Platforms,Corksy
E-commerce Platforms,Correos Ecommerce
E-commerce Platforms,Cosmoshop
E-commerce Platforms,Crealive
E-commerce Platforms,Crystallize
E-commerce Platforms,cStore
E-commerce Platforms,CYBERBIZ
E-commerce Platforms,DanDomain
E-commerce Platforms,DanDomain Webshop
E-commerce Platforms,DCKAP Commerce
E-commerce Platforms,Dealspotr
E-commerce Platforms,DialogTab
E-commerce Platforms,DigiFi
E-commerce Platforms,Digital Showroom
E-commerce Platforms,Direktonline
E-commerce Platforms,Ditto
E-commerce Platforms,Dooca
E-commerce Platforms,DotPe
E-commerce Platforms,Dotser
E-commerce Platforms,Dotter
E-commerce Platforms,Drinks
E-commerce Platforms,Drubbit
E-commerce Platforms,Drupal Commerce
E-commerce Platforms,Dukaan
E-commerce Platforms,Dukany
E-commerce Platforms,E-Com Plus
E-commerce Platforms,e-Shop Commerce
E-commerce Platforms,E37
E-commerce Platforms,Eaglecart
E-commerce Platforms,Easol
E-commerce Platforms,Easy Orders
E-commerce Platforms,EasyStore
E-commerce Platforms,eCaupo
E-commerce Platforms,ecbeing
E-commerce Platforms,EcForce
E-commerce Platforms,EcomArtists
E-commerce Platforms,EcomCart
E-commerce Platforms,eComchain
E-commerce Platforms,Ecomtrack
E-commerce Platforms,Ecomz
E-commerce Platforms,eCShop
E-commerce Platforms,eDokan
E-commerce Platforms,Elcodi
E-commerce Platforms,Elloha
E-commerce Platforms,Empretienda
E-commerce Platforms,Enabase
E-commerce Platforms,Ensi
E-commerce Platforms,Eticex
E-commerce Platforms,Eveho
E-commerce Platforms,ewiz commerce
E-commerce Platforms,Excentos
E-commerce Platforms,Exitshop
E-commerce Platforms,eZCater
E-commerce Platforms,Fabric
E-commerce Platforms,Faire
E-commerce Platforms,FARFETCH Black & White
E-commerce Platforms,Farmakom
E-commerce Platforms,Faslet
E-commerce Platforms,Fast Checkout
E-commerce Platforms,Fast Simon
E-commerce Platforms,Fastcommerce
E-commerce Platforms,FatherShops
E-commerce Platforms,Feedonomics
E-commerce Platforms,FieldStack Omni
E-commerce Platforms,Fileflare
E-commerce Platforms,FlexyPe
E-commerce Platforms,Flipshop
E-commerce Platforms,Floranext
E-commerce Platforms,Florist Touch
E-commerce Platforms,Florist Window
E-commerce Platforms,Forie
E-commerce Platforms,ForoshGostar
E-commerce Platforms,Fortune3
E-commerce Platforms,Fourthwall
E-commerce Platforms,Foxy.io
E-commerce Platforms,Freemius
E-commerce Platforms,freewebstore
E-commerce Platforms,Fresho
E-commerce Platforms,Freshop
E-commerce Platforms,Front-Commerce
E-commerce Platforms,FurnitureDealer
E-commerce Platforms,Future Shop
E-commerce Platforms,Fygaro
E-commerce Platforms,Fynd Platform
E-commerce Platforms,GaniPara
E-commerce Platforms,Gekosale
E-commerce Platforms,Gelato
E-commerce Platforms,GEOvendas
E-commerce Platforms,Gesio
E-commerce Platforms,GetAuto
E-commerce Platforms,GetCommerce
E-commerce Platforms,GetMeAShop
E-commerce Platforms,GOb2b
E-commerce Platforms,GoDaddy Online Store
E-commerce Platforms,Gomag
E-commerce Platforms,GoMage
E-commerce Platforms,GoodApps
E-commerce Platforms,GoodEshop
E-commerce Platforms,Goshly
E-commerce Platforms,GoVedia
E-commerce Platforms,GrandNode
E-commerce Platforms,Grappos
E-commerce Platforms,GrocerKey
E-commerce Platforms,GrooveKart
E-commerce Platforms,Growing Good
E-commerce Platforms,Happy Meal Prep
E-commerce Platforms,Haravan
E-commerce Platforms,HighStore
E-commerce Platforms,Hit-Mall
E-commerce Platforms,Hotbot
E-commerce Platforms,HumCommerce
E-commerce Platforms,Hummerce
E-commerce Platforms,Hyva Themes
E-commerce Platforms,Ideasoft
E-commerce Platforms,Identixweb iCart
E-commerce Platforms,IdoSell Shop
E-commerce Platforms,IFC Markets
E-commerce Platforms,Ikas
E-commerce Platforms,Iluria
E-commerce Platforms,iMagaza
E-commerce Platforms,Immerss
E-commerce Platforms,Importify
E-commerce Platforms,Impresee
E-commerce Platforms,Imweb
E-commerce Platforms,InnoShop
E-commerce Platforms,Innovorder
E-commerce Platforms,Intiaro
E-commerce Platforms,Inventrue
E-commerce Platforms,Inveon
E-commerce Platforms,iPresta
E-commerce Platforms,Irroba
E-commerce Platforms,iSET
E-commerce Platforms,Itoris
E-commerce Platforms,JET Enterprise
E-commerce Platforms,Jibres
E-commerce Platforms,JoomShopping
E-commerce Platforms,Justo
E-commerce Platforms,k-eCommerce
E-commerce Platforms,Kamva
E-commerce Platforms,KanzOboz
E-commerce Platforms,Kartify
E-commerce Platforms,Kartmax
E-commerce Platforms,Kenlo
E-commerce Platforms,Keyvos
E-commerce Platforms,Kickflip
E-commerce Platforms,Kimonix
E-commerce Platforms,Kitcart
E-commerce Platforms,Kleecks
E-commerce Platforms,KMK
E-commerce Platforms,KobiMaster
E-commerce Platforms,Kooomo
E-commerce Platforms,KQS.store
E-commerce Platforms,Kssib
E-commerce Platforms,Kwipped
E-commerce Platforms,KYKLO
E-commerce Platforms,Lapis
E-commerce Platforms,Lazada
E-commerce Platforms,Leafly
E-commerce Platforms,Lightspeed eCom
E-commerce Platforms,LocalExpress
E-commerce Platforms,LogiCommerce
E-commerce Platforms,Loja Integrada
E-commerce Platforms,Loja Mestre
E-commerce Platforms,Loja Virtual
E-commerce Platforms,Loja2
E-commerce Platforms,Lojas Online CTT
E-commerce Platforms,Looksize
E-commerce Platforms,Lovingly
E-commerce Platforms,Mabisy
E-commerce Platforms,Magazord
E-commerce Platforms,Maho
E-commerce Platforms,Makaira
E-commerce Platforms,Makane
E-commerce Platforms,MakeShop
E-commerce Platforms,Marcando
E-commerce Platforms,Matajer
E-commerce Platforms,Matjrah
E-commerce Platforms,Mattaki
E-commerce Platforms,Medoc
E-commerce Platforms,Medusajs
E-commerce Platforms,Mercado Shops
E-commerce Platforms,Metorik
E-commerce Platforms,Mginex
E-commerce Platforms,Miestro
E-commerce Platforms,Minted
E-commerce Platforms,Mixin
E-commerce Platforms,Modified
E-commerce Platforms,Modified eCommerce
E-commerce Platforms,Mondo Media
E-commerce Platforms,Monkcommerce
E-commerce Platforms,Monto
E-commerce Platforms,Moori
E-commerce Platforms,Moovin
E-commerce Platforms,MSAAQ
E-commerce Platforms,MSHOP
E-commerce Platforms,MyCashFlow
E-commerce Platforms,MyOnlineStore
E-commerce Platforms,MyPlay
E-commerce Platforms,Nacelle
E-commerce Platforms,NagaCommerce
E-commerce Platforms,Napps
E-commerce Platforms,NEO - Omnichannel Commerce Platform
E-commerce Platforms,Next Basket
E-commerce Platforms,Next Total
E-commerce Platforms,Nibiru Ecommerce
E-commerce Platforms,Nidux
E-commerce Platforms,Nimbu
E-commerce Platforms,Nody
E-commerce Platforms,Norce
E-commerce Platforms,Ochanoko
E-commerce Platforms,ocStore
E-commerce Platforms,Offset
E-commerce Platforms,Oleoshop
E-commerce Platforms,Omega Commerce
E-commerce Platforms,OneCommerce
E-commerce Platforms,OnShop
E-commerce Platforms,Open Classifieds
E-commerce Platforms,Open eShop
E-commerce Platforms,OpenTiendas
E-commerce Platforms,Optimizely Commerce
E-commerce Platforms,Orckestra
E-commerce Platforms,OrderCast
E-commerce Platforms,OrderMyGear
E-commerce Platforms,OrderPort
E-commerce Platforms,OrderYOYO
E-commerce Platforms,OroCommerce
E-commerce Platforms,oXyShop
E-commerce Platforms,Packman
E-commerce Platforms,Palbin
E-commerce Platforms,Parts Square
E-commerce Platforms,Parttrap ONE
E-commerce Platforms,Payhip
E-commerce Platforms,PeckaDesign Publicator
E-commerce Platforms,Peecho
E-commerce Platforms,Peel
E-commerce Platforms,PerfectBot
E-commerce Platforms,PlatinMarket
E-commerce Platforms,Platter
E-commerce Platforms,PlentyONE
E-commerce Platforms,plentyShop LTS
E-commerce Platforms,Plotch
E-commerce Platforms,Plug&Pay
E-commerce Platforms,Plugo
E-commerce Platforms,Poshmark
E-commerce Platforms,Posify
E-commerce Platforms,Poski
E-commerce Platforms,Powerboutique
E-commerce Platforms,Powergap
E-commerce Platforms,Prima Software
E-commerce Platforms,Programia
E-commerce Platforms,Projesoft
E-commerce Platforms,Propcart
E-commerce Platforms,PuppetVendors
E-commerce Platforms,PWA Studio
E-commerce Platforms,Qonnex
E-commerce Platforms,Qshop
E-commerce Platforms,Quick.Cart
E-commerce Platforms,Quickbutik
E-commerce Platforms,QuickSell
E-commerce Platforms,Qukasoft
E-commerce Platforms,Rabfy
E-commerce Platforms,Radial Ecommerce
E-commerce Platforms,Rain
E-commerce Platforms,Raku-uru Cart
E-commerce Platforms,RandemRetail
E-commerce Platforms,Reaktion
E-commerce Platforms,Redicom
E-commerce Platforms,RedShop
E-commerce Platforms,RELOOP
E-commerce Platforms,Remarkable Commerce
E-commerce Platforms,Reserva INK
E-commerce Platforms,Retisio
E-commerce Platforms,Rezku
E-commerce Platforms,RMZ
E-commerce Platforms,RND
E-commerce Platforms,ROC Commerce
E-commerce Platforms,Rocketfy
E-commerce Platforms,RomanCart
E-commerce Platforms,Saleor
E-commerce Platforms,Salesnauts
E-commerce Platforms,Saly
E-commerce Platforms,SAP Upscale Commerce
E-commerce Platforms,Satu
E-commerce Platforms,Sauce Social Commerce
E-commerce Platforms,Sazito
E-commerce Platforms,Scalefast
E-commerce Platforms,ScandiPWA
E-commerce Platforms,ScanNet Webshop
E-commerce Platforms,Scayle
E-commerce Platforms,SearchFit
E-commerce Platforms,Sellacious
E-commerce Platforms,SellBe
E-commerce Platforms,Sellbrite
E-commerce Platforms,Selldone
E-commerce Platforms,Sellerdeck
E-commerce Platforms,SellersCommerce
E-commerce Platforms,Sellfy
E-commerce Platforms,Sellingo
E-commerce Platforms,Sellix
E-commerce Platforms,SellSite
E-commerce Platforms,Sellwild
E-commerce Platforms,Selly
E-commerce Platforms,SEP Platform
E-commerce Platforms,Sharetribe
E-commerce Platforms,Shine Commerce
E-commerce Platforms,ShionImporter
E-commerce Platforms,Shogun Frontend
E-commerce Platforms,Shoopy
E-commerce Platforms,Shop Application
E-commerce Platforms,Shopaholic
E-commerce Platforms,Shopatron
E-commerce Platforms,ShopBase
E-commerce Platforms,Shopblocks
E-commerce Platforms,Shopery
E-commerce Platforms,Shopfa
E-commerce Platforms,ShopFactory
E-commerce Platforms,Shopiteka
E-commerce Platforms,Shopix
E-commerce Platforms,Shoplo
E-commerce Platforms,Shopmaker
E-commerce Platforms,Shopmatic
E-commerce Platforms,Shoporama
E-commerce Platforms,Shoppiko
E-commerce Platforms,Shopping Feed
E-commerce Platforms,Shoppub
E-commerce Platforms,Shoppy
E-commerce Platforms,Shoprenter
E-commerce Platforms,Shoproller
E-commerce Platforms,ShopStorm
E-commerce Platforms,ShopStyle
E-commerce Platforms,Shopsys
E-commerce Platforms,Shoptet
E-commerce Platforms,Shopthru
E-commerce Platforms,Shoptrader
E-commerce Platforms,ShopVOX
E-commerce Platforms,ShopWired
E-commerce Platforms,ShopX
E-commerce Platforms,Show Recent Orders
E-commerce Platforms,SidePanda
E-commerce Platforms,SIGE Loja
E-commerce Platforms,Simbel
E-commerce Platforms,Simple Goods
E-commerce Platforms,Simplo7
E-commerce Platforms,Sirclo
E-commerce Platforms,Sitoo
E-commerce Platforms,Sixshop
E-commerce Platforms,Sizekick
E-commerce Platforms,Sky Pilot
E-commerce Platforms,Sky-Shop
E-commerce Platforms,Smartstore
E-commerce Platforms,Smartstore biz
E-commerce Platforms,Smootify
E-commerce Platforms,Socital
E-commerce Platforms,SoftTr
E-commerce Platforms,Soldsie
E-commerce Platforms,Solusquare OmniCommerce Cloud
E-commerce Platforms,Soocommerce
E-commerce Platforms,SoteShop
E-commerce Platforms,SpeedEcom
E-commerce Platforms,SpiritShop
E-commerce Platforms,Sprii
E-commerce Platforms,Spring for creators
E-commerce Platforms,Squarespace Commerce
E-commerce Platforms,Stay AI
E-commerce Platforms,Storagely
E-commerce Platforms,Storearmy
E-commerce Platforms,Storeden
E-commerce Platforms,Storefront
E-commerce Platforms,StoreHippo
E-commerce Platforms,Storeino
E-commerce Platforms,Storenvy
E-commerce Platforms,Storeplum
E-commerce Platforms,stores.jp
E-commerce Platforms,Storrea
E-commerce Platforms,Subbly
E-commerce Platforms,Subscrimia
E-commerce Platforms,SummerCart
E-commerce Platforms,Sunshop
E-commerce Platforms,Swaven
E-commerce Platforms,Swell
E-commerce Platforms,Sylius
E-commerce Platforms,Synctrack
E-commerce Platforms,T-Soft
E-commerce Platforms,T1 Paginas
E-commerce Platforms,TakeDrop
E-commerce Platforms,TakeTheme
E-commerce Platforms,Talex
E-commerce Platforms,TargetBay
E-commerce Platforms,Tauros Media
E-commerce Platforms,TeamSystem Commerce
E-commerce Platforms,Tebex
E-commerce Platforms,Tekion
E-commerce Platforms,Textalk
E-commerce Platforms,THG Ingenuity
E-commerce Platforms,ThriveCart
E-commerce Platforms,Ticimax
E-commerce Platforms,Tiendy
E-commerce Platforms,Tiktak Pro
E-commerce Platforms,TomatoCart
E-commerce Platforms,Tossdown
E-commerce Platforms,TotalCode
E-commerce Platforms,Touch2Success
E-commerce Platforms,TradePro
E-commerce Platforms,Tradift
E-commerce Platforms,Transax
E-commerce Platforms,Tray
E-commerce Platforms,Tribox Ecommerce
E-commerce Platforms,TRISOshop
E-commerce Platforms,Tritac Katana Commerce
E-commerce Platforms,Trove Recommerce
E-commerce Platforms,TrueCommerce
E-commerce Platforms,Tulo
E-commerce Platforms,Ucommerce
E-commerce Platforms,Unbound Commerce
E-commerce Platforms,Unbox
E-commerce Platforms,Unchained Engine
E-commerce Platforms,Unilog
E-commerce Platforms,Upgates
E-commerce Platforms,UpsellPlus
E-commerce Platforms,Uvodo
E-commerce Platforms,Vendaecia
E-commerce Platforms,Vendio
E-commerce Platforms,VentasxMayor
E-commerce Platforms,Versa Commerce
E-commerce Platforms,Vextras
E-commerce Platforms,Vfinder
E-commerce Platforms,ViArt Shop
E-commerce Platforms,vibecommerce
E-commerce Platforms,VikaOn
E-commerce Platforms,Vikreta
E-commerce Platforms,vinSUITE
E-commerce Platforms,Visenze
E-commerce Platforms,Viskan
E-commerce Platforms,Vivenu
E-commerce Platforms,Vnda
E-commerce Platforms,Vondera
E-commerce Platforms,Vop
E-commerce Platforms,VP-ASP
E-commerce Platforms,Vrio
E-commerce Platforms,Vue Storefront
E-commerce Platforms,Wake
E-commerce Platforms,Wake Commerce
E-commerce Platforms,wap.store
E-commerce Platforms,Warp Store
E-commerce Platforms,Wave Commerce
E-commerce Platforms,Wazala
E-commerce Platforms,wBuy
E-commerce Platforms,Webareal
E-commerce Platforms,Webasyst Shop-Script
E-commerce Platforms,Webx
E-commerce Platforms,Weezbe
E-commerce Platforms,Welcart
E-commerce Platforms,Whitelabel MD
E-commerce Platforms,Wholesale Suite
E-commerce Platforms,WineDirect
E-commerce Platforms,Wins eCommerce
E-commerce Platforms,Wix eCommerce
E-commerce Platforms,WiziShop
E-commerce Platforms,Workarea
E-commerce Platforms,Workstand
E-commerce Platforms,Wx3
E-commerce Platforms,Xanario
E-commerce Platforms,Xonic
E-commerce Platforms,Xretail
E-commerce Platforms,Yahoo! Ecommerce
E-commerce Platforms,Yampi Virtual store
E-commerce Platforms,Yell eCommerce
E-commerce Platforms,Yepcomm
E-commerce Platforms,Yoori
E-commerce Platforms,Yopify
E-commerce Platforms,YouCan
E-commerce Platforms,Youzan
E-commerce Platforms,Yupop
E-commerce Platforms,Zad
E-commerce Platforms,Zammit
E-commerce Platforms,Zapiet
E-commerce Platforms,ZenBasket
E-commerce Platforms,Zenzzen
E-commerce Platforms,Zepio
E-commerce Platforms,Zestard
E-commerce Platforms,Ziadah
E-commerce Platforms,Zoey
E-commerce Platforms,Zoho Commerce
E-commerce Platforms,Zola Planner
E-commerce Platforms,Zoorix
E-commerce Platforms,Zozo
E-commerce Platforms,BASE
E-commerce Platforms,Flow
E-commerce Platforms,Cartline
E-commerce Platforms,KaliCart Bridge
E-commerce Platforms,Prom
E-commerce Platforms,VertaFlow
E-commerce Tools,AfterShip
E-commerce Tools,Barilliance
E-commerce Tools,Beeketing
E-commerce Tools,Bold Commerce
E-commerce Tools,Candid
E-commerce Tools,Celerant
E-commerce Tools,Channel Intelligence by Google
E-commerce Tools,ChannelAdvisor
E-commerce Tools,E-junkie
E-commerce Tools,Easy Digital Downloads
E-commerce Tools,eBay Store
E-commerce Tools,Etsy
E-commerce Tools,FanPlayr
E-commerce Tools,Forewards
E-commerce Tools,Gambio
E-commerce Tools,Google Analytics Ecommerce Tracking
E-commerce Tools,Google Pay for Business
E-commerce Tools,Google Trusted Stores
E-commerce Tools,Gumroad
E-commerce Tools,HikaShop
E-commerce Tools,Hook MyVisit
E-commerce Tools,HookLogic
E-commerce Tools,Insparq
E-commerce Tools,Interakt
E-commerce Tools,J2store
E-commerce Tools,Jirafe
E-commerce Tools,JustUno
E-commerce Tools,Lengow
E-commerce Tools,Lexity
E-commerce Tools,Lightspeed Web Store
E-commerce Tools,Loox
E-commerce Tools,Mercent
E-commerce Tools,Nextopia
E-commerce Tools,Norton Shopping Guarantee
E-commerce Tools,Nosto
E-commerce Tools,NuORDER
E-commerce Tools,Octane
E-commerce Tools,OneStop
E-commerce Tools,Recart
E-commerce Tools,Reflektion
E-commerce Tools,Samcart
E-commerce Tools,Scene7
E-commerce Tools,SearchSpring
E-commerce Tools,Site Vibes
E-commerce Tools,SociableLabs
E-commerce Tools,Symphony Commerce
E-commerce Tools,TheFind
E-commerce Tools,Vonage Conversational Commerce
E-commerce Tools,WebEngage
E-commerce Tools,Where2getit
E-commerce Tools,Yotpo
E-commerce Tools,Accentuate Custom Fields
E-commerce Tools,AdNabu
E-commerce Tools,AfterShip Returns Center
E-commerce Tools,Alia
E-commerce Tools,Autocommerce
E-commerce Tools,Autoketing Product Reviews
E-commerce Tools,Avada AVASHIP
E-commerce Tools,Avada Boost Sales
E-commerce Tools,Avada SEO
E-commerce Tools,Avada Size Chart
E-commerce Tools,Back In Stock
E-commerce Tools,Beam AfterSell
E-commerce Tools,Beam OutSell
E-commerce Tools,Belliza
E-commerce Tools,Better Price
E-commerce Tools,BiteSpeed
E-commerce Tools,Bogos
E-commerce Tools,Bold Brain
E-commerce Tools,Bold Bundles
E-commerce Tools,Bold Custom Pricing
E-commerce Tools,Bold Motivator
E-commerce Tools,Bold Product Options
E-commerce Tools,Bold Subscriptions
E-commerce Tools,Bold Upsell
E-commerce Tools,BookThatApp
E-commerce Tools,Booster Page Speed Optimizer
E-commerce Tools,CareCart Sales Pop Up
E-commerce Tools,Carro
E-commerce Tools,Cartylabs
E-commerce Tools,CJDropshipping app
E-commerce Tools,Coin Currency Converter
E-commerce Tools,Conjured
E-commerce Tools,Conversio App
E-commerce Tools,Conversion Bear
E-commerce Tools,Covet.pics
E-commerce Tools,Cozy AntiTheft
E-commerce Tools,DelightChat
E-commerce Tools,Delm
E-commerce Tools,Digismoothie Candy Rack
E-commerce Tools,Easy Hide PayPal
E-commerce Tools,Easy Redirects
E-commerce Tools,Enlistly
E-commerce Tools,EraofEcom Cartroids
E-commerce Tools,EraofEcom MTL
E-commerce Tools,EraofEcom WinAds
E-commerce Tools,ESW
E-commerce Tools,Exemptify
E-commerce Tools,EyeFitU
E-commerce Tools,Fast Bundle
E-commerce Tools,Fera Product Reviews App
E-commerce Tools,FireApps Ali Reviews
E-commerce Tools,Flits
E-commerce Tools,Fontify
E-commerce Tools,Frequently Bought Together
E-commerce Tools,Froonze
E-commerce Tools,GemPages
E-commerce Tools,Gist Giftship
E-commerce Tools,Global-e
E-commerce Tools,GlobalShopex
E-commerce Tools,Globo Also Bought
E-commerce Tools,Globo Color Swatch
E-commerce Tools,Globo Form Builder
E-commerce Tools,Globo Pre-Order
E-commerce Tools,Glopal
E-commerce Tools,Govalo
E-commerce Tools,Happy Returns
E-commerce Tools,Helixo UFE
E-commerce Tools,Hextom Free Shipping Bar
E-commerce Tools,Hextom Ultimate Sales Boost
E-commerce Tools,HulkApps Age Verification
E-commerce Tools,HulkApps GDPR/CCPA Compliance Manager
E-commerce Tools,In Cart Upsell & Cross-Sell
E-commerce Tools,Instafeed
E-commerce Tools,Juphy
E-commerce Tools,Kilatech
E-commerce Tools,LangShop
E-commerce Tools,LayoutHub
E-commerce Tools,Leaflet platform
E-commerce Tools,Littledata
E-commerce Tools,Livescale
E-commerce Tools,Localised
E-commerce Tools,Locksmith
E-commerce Tools,Loop Returns
E-commerce Tools,MinMaxify
E-commerce Tools,Obsidian Incentivize
E-commerce Tools,Obviyo
E-commerce Tools,Omnisend Email Marketing & SMS
E-commerce Tools,Order Deadline
E-commerce Tools,OrderLogic app
E-commerce Tools,Ordersify Product Alerts
E-commerce Tools,Packlink PRO
E-commerce Tools,Pandectes
E-commerce Tools,ParcelPanel
E-commerce Tools,PerfectApps Swift
E-commerce Tools,PickyStory
E-commerce Tools,Picture It
E-commerce Tools,PreProduct
E-commerce Tools,Product Personalizer
E-commerce Tools,PushDaddy Whatsapp Chat
E-commerce Tools,Qikify
E-commerce Tools,Quoli
E-commerce Tools,Rapid Search
E-commerce Tools,Recomify
E-commerce Tools,ReConvert
E-commerce Tools,Refundid
E-commerce Tools,Releasit COD Form & Upsells
E-commerce Tools,Reserve In-Store
E-commerce Tools,Reshop
E-commerce Tools,Return Prime
E-commerce Tools,Returnflows
E-commerce Tools,ReturnGO
E-commerce Tools,Returnly
E-commerce Tools,Revy
E-commerce Tools,SchemaPlus
E-commerce Tools,Seal Subscriptions
E-commerce Tools,Secomapp
E-commerce Tools,Seel
E-commerce Tools,Seko OmniReturns
E-commerce Tools,ShippyPro
E-commerce Tools,ShipTection
E-commerce Tools,Shogun Landing Page Builder
E-commerce Tools,Shopapps
E-commerce Tools,Shopify Buy Button
E-commerce Tools,Shopify Consent Management
E-commerce Tools,Shopify Geolocation App
E-commerce Tools,ShopKeeper Tools
E-commerce Tools,ShopPad Infinite Options
E-commerce Tools,Shortly
E-commerce Tools,Simplio Upsells
E-commerce Tools,Skio
E-commerce Tools,Smile App
E-commerce Tools,Sorted Return
E-commerce Tools,Spin-a-Sale
E-commerce Tools,SuperLemon app
E-commerce Tools,Sweet Upsell
E-commerce Tools,Swym Wishlist Plus
E-commerce Tools,Tabarnapp
E-commerce Tools,Tada
E-commerce Tools,Tern
E-commerce Tools,TikShop
E-commerce Tools,Timesact
E-commerce Tools,Track123
E-commerce Tools,Trackify X
E-commerce Tools,Transcy
E-commerce Tools,Tyslo EasySell
E-commerce Tools,Visual Quiz Builder
E-commerce Tools,Vitals
E-commerce Tools,WideBundle
E-commerce Tools,WorldShopping
E-commerce Tools,YMQ Product Options Variant Option
E-commerce Tools,YouPay
E-commerce Tools,Zakeke Visual Customizer
E-commerce Tools,Zalify
E-commerce Tools,ZendApps
E-commerce Tools,Zipify OCU
E-commerce Tools,Zipify Pages
E-commerce Tools,Zonos
Education Management Software,12Twenty
Education Management Software,360Learning
Education Management Software,AAHA Accredited
Education Management Software,Absorb
Education Management Software,Achieve3000
Education Management Software,ACT WorkKeys
Education Management Software,Active Network (Active Educate)
Education Management Software,Adobe Captivate
Education Management Software,Adobe Learning Manager
Education Management Software,Aeries
Education Management Software,Amilia
Education Management Software,ANGEL LMS
Education Management Software,Apple School Manager
Education Management Software,Articulate 360
Education Management Software,Articulate Storyline 3
Education Management Software,Articulate Storyline 360
Education Management Software,Aspen SIS
Education Management Software,Avid Sibelius
Education Management Software,Axonify
Education Management Software,Blackbaud Award Management
Education Management Software,Blackboard
Education Management Software,Blackboard Learn
Education Management Software,Bookeo Classes and Courses
Education Management Software,Bridge LMS
Education Management Software,brightwheel
Education Management Software,CampBrain
Education Management Software,Campminder
Education Management Software,Campus Management
Education Management Software,CampusLogic
Education Management Software,Canvas LMS
Education Management Software,Capita-SIMS
Education Management Software,Cayuse
Education Management Software,CBORD
Education Management Software,CentralReach
Education Management Software,Champions Way
Education Management Software,ClassDojo
Education Management Software,Compliance Wire
Education Management Software,Cornerstone LMS
Education Management Software,Coursedog
Education Management Software,CourseLeaf
Education Management Software,Coursera
Education Management Software,CourseSites by Blackboard
Education Management Software,Credly
Education Management Software,D2L Brightspace
Education Management Software,DataCamp
Education Management Software,Digarc
Education Management Software,Docebo
Education Management Software,DonorsChoose
Education Management Software,EAB Navigate
Education Management Software,Echo 360
Education Management Software,EdCast
Education Management Software,Edupoint
Education Management Software,edX
Education Management Software,eFront
Education Management Software,ELB Learning
Education Management Software,Ellucian
Education Management Software,Ellucian Banner Finance
Education Management Software,Ellucian Banner Student
Education Management Software,Ellucian Colleague Finance
Education Management Software,Ellucian Colleague Financial Aid
Education Management Software,Ellucian Colleague Student
Education Management Software,Ellucian Degree Works
Education Management Software,Ellucian Ethos
Education Management Software,Ellucian PowerCampus Financial Aid
Education Management Software,Ellucian SIS
Education Management Software,Elucidat
Education Management Software,Thought Industries
Education Management Software,ExamSoft
Education Management Software,FACTS SIS
Education Management Software,Focus School Software
Education Management Software,Follett
Education Management Software,GiveCampus
Education Management Software,Go1
Education Management Software,GoGuardian Teacher
Education Management Software,GoodHabitz
Education Management Software,Google Classroom
Education Management Software,Google for Education
Education Management Software,Gradescope
Education Management Software,Graduway
Education Management Software,Guru
Education Management Software,Haiku Learning
Education Management Software,HealthStream Services
Education Management Software,Hobsons
Education Management Software,ILIAS
Education Management Software,Imagine Edgenuity
Education Management Software,Imagine Language & Literacy
Education Management Software,Imagine Learning EL Education
Education Management Software,Infinite Campus
Education Management Software,i-Ready Assessments
Education Management Software,i-Ready Learning
Education Management Software,iSpring Learn
Education Management Software,iSpring Suite
Education Management Software,Its Learning LMS
Education Management Software,IXL
Education Management Software,Jupyter
Education Management Software,JupyterHub
Education Management Software,JupyterLab
Education Management Software,Kaggle
Education Management Software,Kahoot!
Education Management Software,LearnUpon LMS
Education Management Software,Lessonly
Education Management Software,Lexicomp Online
Education Management Software,LinkedIn Learning
Education Management Software,Litmos
Education Management Software,MathWorks
Education Management Software,MindTap
Education Management Software,Modern Campus Campus Destiny One
Education Management Software,Moodle
Education Management Software,MuseScore
Education Management Software,MyBigCampus
Education Management Software,Nearpod
Education Management Software,Nelnet
Education Management Software,Newsela
Education Management Software,Open edX
Education Management Software,Oracle Guided Learning
Education Management Software,ParentSquare
Education Management Software,Pearson MyMathLab
Education Management Software,Pearson VUE ExamDeveloper
Education Management Software,PeopleAdmin
Education Management Software,PeopleGrove
Education Management Software,PeopleSoft Campus Solutions
Education Management Software,PeopleSoft Enterprise Learning Management
Education Management Software,Percipio
Education Management Software,Pluralsight Skills
Education Management Software,Populi
Education Management Software,PowerSchool Unified Talent
Education Management Software,Procare Solutions
Education Management Software,Quizizz
Education Management Software,Rediker
Education Management Software,Relias Learning Management System
Education Management Software,Renaissance Accelerated Reader
Education Management Software,REnWeb
Education Management Software,Rosetta Stone
Education Management Software,Sakai
Education Management Software,SAP Enable Now
Education Management Software,SAP SuccessFactors Learning
Education Management Software,SchoolDude
Education Management Software,Schoology
Education Management Software,Schoox
Education Management Software,Senior Systems
Education Management Software,Showpad Coach
Education Management Software,Skilljar Customer Education Platform
Education Management Software,Skyward
Education Management Software,Slate by Technolutions
Education Management Software,StudyWiz
Education Management Software,SumTotal Learning Management
Education Management Software,SunGard K12 eSchool Plus
Education Management Software,TalentLMS
Education Management Software,Tegrity
Education Management Software,Top Hat
Education Management Software,Totara
Education Management Software,Trailhead
Education Management Software,Trainual
Education Management Software,Tyler Technologies
Education Management Software,Udemy Business
Education Management Software,UKG Pro Learning
Education Management Software,ULTRUS Learning
Education Management Software,UpToDate
Education Management Software,Veracross
Education Management Software,VETtrak
Education Management Software,WebAssign
Education Management Software,Workday Enterprise Learning
Education Management Software,Workday Student Financials
Education Management Software,WorkRamp
Education Management Software,Zensai
Education Management Software,Aforest LMS
Education Management Software,aSc EduPage
Education Management Software,Chamilo
Education Management Software,Classeh
Education Management Software,Clever
Education Management Software,Coachy
Education Management Software,Dokeos
Education Management Software,EAD Plataforma
Education Management Software,eChalk
Education Management Software,Edmingle
Education Management Software,Edwiser Bridge
Education Management Software,Eloomi
Education Management Software,Elopage
Education Management Software,Enrollware
Education Management Software,Famly
Education Management Software,Forento
Education Management Software,Gurucan
Education Management Software,Heights Platform
Education Management Software,Huddle
Education Management Software,Inso
Education Management Software,IrisLMS
Education Management Software,Kiwify
Education Management Software,Knoma
Education Management Software,Learnbase
Education Management Software,LearnyBox
Education Management Software,LightSpeed VT
Education Management Software,Maestrus
Education Management Software,Masteriyo
Education Management Software,Mastery Manager
Education Management Software,Mexty
Education Management Software,Noodle Factory
Education Management Software,Opigno LMS
Education Management Software,Oreed
Education Management Software,Parentapps
Education Management Software,Peachie
Education Management Software,PRONOTE
Education Management Software,Punchpass
Education Management Software,School Kiwi
Education Management Software,TutorCruncher
Education Management Software,uPortal
Education Management Software,VClasses
Education Management Software,Voomly
Education Management Software,Yo!Coach
Education Management Software,Zenler
Education Management Software,Ziber
Education Management Software,Ad Astra
Education Management Software,Simplero Websites
Email Delivery,Amazon SES
Email Delivery,Amazon Simple Email Service
Email Delivery,Barracuda Email Security Service
Email Delivery,BriteVerify
Email Delivery,CritSend
Email Delivery,dmarcian
Email Delivery,DynECT
Email Delivery,ElasticEmail
Email Delivery,EnGuard
Email Delivery,Mailchimp Mandrill
Email Delivery,Mailgun
Email Delivery,Mailinblack
Email Delivery,MailJet
Email Delivery,Mailtrap
Email Delivery,MDaemon Email Server
Email Delivery,MessageBus
Email Delivery,MySMTP
Email Delivery,NeverBounce
Email Delivery,OpenText GroupWise
Email Delivery,Oracle SPF
Email Delivery,PostageApp
Email Delivery,Postmark
Email Delivery,SafeSend
Email Delivery,Sender
Email Delivery,Sendgrid
Email Delivery,SMTP.com
Email Delivery,SocketLabs
Email Delivery,SparkPost
Email Delivery,TurboSMTP
Email Delivery,Twilio SendGrid Email API
Email Delivery,Valimail
Email Delivery,Zimbra Collaboration
Email Delivery,Zoho Mail
Email Marketing,validity
Email Marketing,lemlist
Email Marketing,mailigen
Email Marketing,unisender
Email Marketing,sarbacane
Email Marketing,Adestra
Email Marketing,AgilOne
Email Marketing,AWeber
Email Marketing,Benchmark Email
Email Marketing,Biz Wizard
Email Marketing,Bluehornet
Email Marketing,BombBomb
Email Marketing,Boomtrain
Email Marketing,Brevo
Email Marketing,Bronto
Email Marketing,CakeMail
Email Marketing,Campaigner
Email Marketing,CampaignMonitor
Email Marketing,Carma Mail
Email Marketing,CheetahMail
Email Marketing,CleverReach
Email Marketing,Communicator
Email Marketing,Constant Contact
Email Marketing,Convertkit
Email Marketing,Critical Impact
Email Marketing,Customer.IO
Email Marketing,Cyberimpact
Email Marketing,Delivra
Email Marketing,Doppler
Email Marketing,ECircle
Email Marketing,Email Attitude
Email Marketing,Email Center Pro
Email Marketing,EmailDirect
Email Marketing,Emarsys
Email Marketing,Ematch
Email Marketing,Emma
Email Marketing,Eperflex / ividence
Email Marketing,Everlytic
Email Marketing,Exclaimer
Email Marketing,FanBridge
Email Marketing,Fishbowl
Email Marketing,Flexmail
Email Marketing,Flodesk
Email Marketing,Get-a-newsletter
Email Marketing,GetResponse
Email Marketing,GMass
Email Marketing,Graphicmail
Email Marketing,iContact
Email Marketing,JangoMail
Email Marketing,Klaviyo
Email Marketing,Knak
Email Marketing,Leady for Mailchimp
Email Marketing,Listrak
Email Marketing,Liveclicker
Email Marketing,LiveIntent
Email Marketing,Lyris
Email Marketing,Mad Mimi
Email Marketing,MailChimp
Email Marketing,Maildirect.se
Email Marketing,MailerLite
Email Marketing,Mailshake
Email Marketing,MailUp
Email Marketing,Maropost
Email Marketing,MessageGears
Email Marketing,Mojn
Email Marketing,Moosend
Email Marketing,Movable Ink
Email Marketing,MultiNet
Email Marketing,Nudgespot
Email Marketing,Omeda
Email Marketing,OneSignal
Email Marketing,Paloma
Email Marketing,Poppulo
Email Marketing,Predictive Response
Email Marketing,Pure360
Email Marketing,Remintrex
Email Marketing,Responsys
Email Marketing,Robly
Email Marketing,Rocketseed
Email Marketing,Salesforce Email Studio
Email Marketing,Saleshandy
Email Marketing,Sare
Email Marketing,Sendloop
Email Marketing,SendPulse
Email Marketing,SmarterRemarketer
Email Marketing,SmartFocus
Email Marketing,Spotler
Email Marketing,Stream Send
Email Marketing,Stripo.email
Email Marketing,Tedemis
Email Marketing,Trumpia
Email Marketing,Twilio SendGrid Email Marketing Campaigns
Email Marketing,Vero
Email Marketing,VerticalResponse
Email Marketing,Vision6
Email Marketing,WhatCounts / Publicaster
Email Marketing,Xink
Email Marketing,YesMail
Email Marketing,Zoho Campaigns
Email Marketing,Aument
Email Marketing,BIGLIST
Email Marketing,Clearout
Email Marketing,Emaileri
Email Marketing,EmailJS
Email Marketing,Envoke
Email Marketing,iEntry
Email Marketing,INBOX
Email Marketing,Listagram
Email Marketing,Mailercloud
Email Marketing,Mailman
Email Marketing,Selzy
Email Marketing,Sendtex
Email Marketing,SmartEmailing
Email Marketing,SmtpJS
Email Marketing,Xverify
Email Marketing,Curated
Email Providers,Tencent Exmail
Email Providers,OpenSRS
Email Providers,Namecheap Private Email
Email Providers,MailChannels
Email Providers,Fastmail
Email Providers,Alibaba Cloud Mail
Email Providers,NetEase Enterprise Mail
Email Providers,Mail.ru
Email Providers,Neo business email
Email Providers,mailbox.org
Email Providers,smtp2go
Email Providers,mailersend
Email Providers,improvmx
Email Providers,soverin
Email Providers,Acquia Cloud
Email Providers,Appriver
Email Providers,Atmail
Email Providers,Ceryx
Email Providers,DreamHost
Email Providers,eGain Mail
Email Providers,FortiMail
Email Providers,Frontbridge
Email Providers,Gmail
Email Providers,GMX
Email Providers,Horde
Email Providers,Hotmail
Email Providers,Hushmail
Email Providers,Inbox.com
Email Providers,IntY MailDefender
Email Providers,Lavabit
Email Providers,Microsoft Email Providers
Email Providers,Microsoft Exchange Online
Email Providers,Mimecast
Email Providers,MX Logic
Email Providers,Oracle Email Server
Email Providers,Outlook
Email Providers,Postini
Email Providers,Rackspace Email
Email Providers,Roundcube Email
Email Providers,SquirrelMail
Email Providers,Webmail
Email Providers,Yahoo Mail
Email Providers,Yandex Mail
Email Providers,Zix
Email Providers,CrossBox
Email Providers,Open-Xchange App Suite
Email Providers,Outlook Web App
Email Providers,Proton Mail
Email Providers,RainLoop
Email Providers,Sympa
Email Providers,Zadarma
Email Providers,Microsoft Exchange
Event Management,ActiveNetwork
Event Management,AddEvent
Event Management,Airmeet - Virtual Events & Webinar Platform
Event Management,Akamai Web Application & API Protector
Event Management,AllSeated
Event Management,Aventri
Event Management,AWS IAM Identity Center
Event Management,Azure AD Application Proxy
Event Management,Azure for US Government
Event Management,Bandsintown
Event Management,BBB Dynamic Seal
Event Management,BigMarker
Event Management,Bizzabo
Event Management,Blackthorn Events
Event Management,Brown Paper Tickets
Event Management,BusyConf
Event Management,Centium Software
Event Management,Centrify
Event Management,Certain Software
Event Management,Cisco Adaptive Security Appliance Software
Event Management,Cisco ASA 5555
Event Management,Cisco ASA Software
Event Management,Cisco Email Security
Event Management,Clicksign
Event Management,Comodo UserTrust
Event Management,CompuSystems
Event Management,Cvent
Event Management,Cvent Event Marketing & Management
Event Management,Cvent Registration
Event Management,Datadog Real User Monitoring
Event Management,Delinea
Event Management,Duo Security
Event Management,EJBCA
Event Management,ePly Events
Event Management,Etix
Event Management,Event Espresso
Event Management,Eventbrite
Event Management,Experient
Event Management,Expotracker
Event Management,Feathr
Event Management,ForgeRock Identity Platform
Event Management,GivePulse
Event Management,Goldcast
Event Management,Google Sign-In
Event Management,Hexnode MDM
Event Management,Hivebrite
Event Management,IBM Security Identity Manager
Event Management,Info Salons
Event Management,Iovation
Event Management,iVvy
Event Management,Kona Web Application Firewall
Event Management,Layer7 Identity Suite
Event Management,Localist
Event Management,LogDNA
Event Management,McAfee Secure
Event Management,Micro Focus Identity Manager
Event Management,Microsoft Active Directory Federation Services
Event Management,Microsoft Identity Manager
Event Management,NetIQ
Event Management,Oracle API Gateway
Event Management,Oracle Identity Governance
Event Management,Paciolan
Event Management,Palo Alto Networks
Event Management,Palo Alto Next-Generation Firewall
Event Management,Palo Alto PA Series
Event Management,Palo Alto PAN-OS
Event Management,PheedLoop
Event Management,Poll Everywhere
Event Management,RegOnline
Event Management,Regpacks
Event Management,RSA SecurID Access
Event Management,RSA SecurID Suite
Event Management,SailPoint IdentityIQ
Event Management,SailPoint IdentityNow
Event Management,Saviynt IGA
Event Management,See Tickets
Event Management,ShowClix
Event Management,SignUp4
Event Management,Snyk Open Source
Event Management,Social Tables
Event Management,Spektrix
Event Management,Splunk Security
Event Management,SportNgin
Event Management,Swapcard
Event Management,Swoogo
Event Management,Symantec PGP
Event Management,Thawte
Event Management,Ticket Spice
Event Management,Ticket Tailor
Event Management,TicketLeap
Event Management,Ticketmaster
Event Management,TicketWeb
Event Management,TraceMyIP
Event Management,Trend Micro Email Security
Event Management,Trumba
Event Management,Trustwave TrustKeeper
Event Management,Ungerboeck
Event Management,vFairs
Event Management,WatchGuard
Event Management,WatchGuard Firebox
Event Management,WebEOC
Event Management,Weezevent
Event Management,Whova
Event Management,WildApricot
Event Management,Workspace ONE Unified Endpoint Management
Event Management,YubiKey
Event Management,Zoom Events
Event Management,Adalte
Event Management,Agoda
Event Management,Beyonk
Event Management,Bileto
Event Management,Book N Pay
Event Management,Busify
Event Management,ClickBus
Event Management,Cooltix
Event Management,Droplabs
Event Management,EzTix
Event Management,Fatsoma
Event Management,Fever
Event Management,Full On Sport
Event Management,Gevme
Event Management,Guidap
Event Management,Haku
Event Management,HoldMyTicket
Event Management,Indexic
Event Management,InEvent
Event Management,KKTIX
Event Management,Luma
Event Management,Musement
Event Management,OpTuNE
Event Management,Planne
Event Management,Planning Pod
Event Management,PromoTix
Event Management,Race Roster
Event Management,Seated
Event Management,SquadUP
Event Management,Starboard Suite
Event Management,Stay22
Event Management,Tickera
Event Management,Ticketbro
Event Management,Ticketmeo
Event Management,Ticketure
Event Management,Timepad
Event Management,Tix
Event Management,TuriTop
Event Management,Ventrata
Event Management,WeTravel
Event Management,Splash
Event Management,Checkin
Field Service Management,ArcGIS Field Maps
Field Service Management,ArcGIS QuickCapture
Field Service Management,ArcGIS Survey123
Field Service Management,ArcGIS Workforce
Field Service Management,AroFlo
Field Service Management,Autotask PSA
Field Service Management,ConnectWise Automate
Field Service Management,Corrigo
Field Service Management,Dynamics 365 Field Service
Field Service Management,eMaint CMMS
Field Service Management,Fiix CMMS
Field Service Management,HEAT Service Management
Field Service Management,Housecall Pro
Field Service Management,iAuditor
Field Service Management,IBM Maximo
Field Service Management,Jobber
Field Service Management,Limble
Field Service Management,MaintainX
Field Service Management,MEX Maintenance Software
Field Service Management,MicroMain CMMS
Field Service Management,OpenText Service Management Automation X
Field Service Management,Oracle Field Service
Field Service Management,Praxedo
Field Service Management,SAP Field Service Management
Field Service Management,ServiceM8
Field Service Management,ServiceTitan
Field Service Management,Simpro
Field Service Management,Tesseract
Field Service Management,Viewpoint Field Management
Fonts,Adobe Edge
Fonts,Adobe Fonts
Fonts,Beautiful
Fonts,Cufon
Fonts,FontDeck
Fonts,Fonts.com
Fonts,Google Font API
Fonts,Bootstrap Icons
Fonts,Bunny Fonts
Fonts,Font Awesome
Fonts,FontServer
Fonts,Fork Awesome
Fonts,Glyphicons
Fonts,Hoefler&Co
Fonts,i30con
Fonts,Ionicons
Fonts,Lucide
Fonts,MyFonts
Fonts,sIFR
Fonts,Symbolset
Fonts,Twitter Emoji
Food Ordering Services,1001menus
Food Ordering Services,BeyondMenu
Food Ordering Services,Brygid
Food Ordering Services,Caviar
Food Ordering Services,Deliveroo  for Partners
Food Ordering Services,DoorDash
Food Ordering Services,DoorDash for Merchants
Food Ordering Services,GrubHub
Food Ordering Services,GrubHub for Restaurants
Food Ordering Services,iFood
Food Ordering Services,MatrixCare MealTracker
Food Ordering Services,MyPizza.com
Food Ordering Services,Olo
Food Ordering Services,OrderAhead
Food Ordering Services,OrderingOnline
Food Ordering Services,Seamless Web
Food Ordering Services,Upserve
Food Ordering Services,Yummly
Food Ordering Services,Zenchef
Food Ordering Services,Ordering
Frameworks and Programming Languages,Adobe ColdFusion (2021 Release) Ubuntu Linux
Frameworks and Programming Languages,Adobe PhoneGap
Frameworks and Programming Languages,Akka
Frameworks and Programming Languages,Android
Frameworks and Programming Languages,Angular
Frameworks and Programming Languages,AngularJS
Frameworks and Programming Languages,AngularJS 1.2.20
Frameworks and Programming Languages,AngularJS 1.3.0 Beta
Frameworks and Programming Languages,Apache Cordova
Frameworks and Programming Languages,Apache Flex
Frameworks and Programming Languages,Apache FreeMarker
Frameworks and Programming Languages,Apache Struts
Frameworks and Programming Languages,Apache Tapestry
Frameworks and Programming Languages,Apache Tomcat
Frameworks and Programming Languages,Apache Wicket
Frameworks and Programming Languages,Apollo
Frameworks and Programming Languages,ARKit
Frameworks and Programming Languages,ASP.NET
Frameworks and Programming Languages,Babel
Frameworks and Programming Languages,Blazor
Frameworks and Programming Languages,Blockly
Frameworks and Programming Languages,CakePHP
Frameworks and Programming Languages,Clojure
Frameworks and Programming Languages,Cocos2d
Frameworks and Programming Languages,Cocos2d-X
Frameworks and Programming Languages,Cocos Creator
Frameworks and Programming Languages,CodeIgniter
Frameworks and Programming Languages,Create React App
Frameworks and Programming Languages,Dart
Frameworks and Programming Languages,Delphi
Frameworks and Programming Languages,DevExpress
Frameworks and Programming Languages,Django
Frameworks and Programming Languages,Django Language
Frameworks and Programming Languages,Eclipse Jersey
Frameworks and Programming Languages,Eclipse Vert.x
Frameworks and Programming Languages,Elixir
Frameworks and Programming Languages,ember.js
Frameworks and Programming Languages,Expo
Frameworks and Programming Languages,Express
Frameworks and Programming Languages,Fastapi
Frameworks and Programming Languages,Fivetran
Frameworks and Programming Languages,Flask
Frameworks and Programming Languages,Flutter
Frameworks and Programming Languages,FlutterFlow
Frameworks and Programming Languages,Framework7
Frameworks and Programming Languages,GeneXus
Frameworks and Programming Languages,Godot Engine
Frameworks and Programming Languages,Groovy Web
Frameworks and Programming Languages,GWT - Google Web Toolkit
Frameworks and Programming Languages,Ionic
Frameworks and Programming Languages,J2EE
Frameworks and Programming Languages,JaCoCo
Frameworks and Programming Languages,Jakarta EE
Frameworks and Programming Languages,Jasmine
Frameworks and Programming Languages,JBoss Seam Framework
Frameworks and Programming Languages,Keras
Frameworks and Programming Languages,Kinvey
Frameworks and Programming Languages,Laravel
Frameworks and Programming Languages,Lua
Frameworks and Programming Languages,matplotlib
Frameworks and Programming Languages,MediaPipe
Frameworks and Programming Languages,Meteor
Frameworks and Programming Languages,Microsoft Silverlight
Frameworks and Programming Languages,Microsoft VBScript
Frameworks and Programming Languages,Mocha
Frameworks and Programming Languages,.NET
Frameworks and Programming Languages,Next.js
Frameworks and Programming Languages,NGRX
Frameworks and Programming Languages,Niagara Framework
Frameworks and Programming Languages,Node-RED
Frameworks and Programming Languages,Nuxtjs
Frameworks and Programming Languages,OpenCV
Frameworks and Programming Languages,Oracle ADF Faces
Frameworks and Programming Languages,Oracle JDeveloper
Frameworks and Programming Languages,PaddlePaddle
Frameworks and Programming Languages,Perl
Frameworks and Programming Languages,Phaser
Frameworks and Programming Languages,PHP
Frameworks and Programming Languages,PHP 5.3
Frameworks and Programming Languages,Play Framework
Frameworks and Programming Languages,PlayCanvas
Frameworks and Programming Languages,Progress Telerik
Frameworks and Programming Languages,PrototypeJS
Frameworks and Programming Languages,Python
Frameworks and Programming Languages,Python 2.4
Frameworks and Programming Languages,Python 2.5
Frameworks and Programming Languages,Python 2.6
Frameworks and Programming Languages,Python 2.7
Frameworks and Programming Languages,Python 3.0
Frameworks and Programming Languages,Python 3.1
Frameworks and Programming Languages,Python 3.2
Frameworks and Programming Languages,Python 3.3
Frameworks and Programming Languages,Python 3.4
Frameworks and Programming Languages,Python 3.5
Frameworks and Programming Languages,Python 3.6
Frameworks and Programming Languages,Python 3.7
Frameworks and Programming Languages,Python 3.8
Frameworks and Programming Languages,Qt
Frameworks and Programming Languages,Radzen Blazor Studio
Frameworks and Programming Languages,RAML
Frameworks and Programming Languages,Remix
Frameworks and Programming Languages,Rhino
Frameworks and Programming Languages,Ruby On Rails
Frameworks and Programming Languages,Scala
Frameworks and Programming Languages,Microsoft.net
Frameworks and Programming Languages,C#
Frameworks and Programming Languages,Go Framework
Frameworks and Programming Languages,Serenity
Frameworks and Programming Languages,Shiny
Frameworks and Programming Languages,Simplicity Lite
Frameworks and Programming Languages,React Native
Frameworks and Programming Languages,Node.js
Frameworks and Programming Languages,Spring
Frameworks and Programming Languages,Spring Boot
Frameworks and Programming Languages,Standard Library
Frameworks and Programming Languages,Streamlit
Frameworks and Programming Languages,StrongLoop
Frameworks and Programming Languages,Symfony
Frameworks and Programming Languages,Syncfusion Essential Studio®
Frameworks and Programming Languages,TensorFlow
Frameworks and Programming Languages,Unity
Frameworks and Programming Languages,Vaadin
Frameworks and Programming Languages,Vertex
Frameworks and Programming Languages,Visual Studio
Frameworks and Programming Languages,WCF
Frameworks and Programming Languages,Wildfly
Frameworks and Programming Languages,Xamarin
Frameworks and Programming Languages,F#
Frameworks and Programming Languages,ABP Framework
Frameworks and Programming Languages,actionhero.js
Frameworks and Programming Languages,AdonisJS
Frameworks and Programming Languages,Akka HTTP
Frameworks and Programming Languages,AlertifyJS
Frameworks and Programming Languages,AlloyUI
Frameworks and Programming Languages,Alpine.js
Frameworks and Programming Languages,AngularDart
Frameworks and Programming Languages,Arwes
Frameworks and Programming Languages,Aseqbase
Frameworks and Programming Languages,ASP.NET Boilerplate
Frameworks and Programming Languages,Astro
Frameworks and Programming Languages,Aurelia
Frameworks and Programming Languages,Batman.js
Frameworks and Programming Languages,Blade
Frameworks and Programming Languages,Blitz.js
Frameworks and Programming Languages,Bool TypeScript
Frameworks and Programming Languages,Bridgetown
Frameworks and Programming Languages,bun
Frameworks and Programming Languages,CanJS
Frameworks and Programming Languages,Catberry.js
Frameworks and Programming Languages,Cecil
Frameworks and Programming Languages,Chicago Boss
Frameworks and Programming Languages,Chosen
Frameworks and Programming Languages,Coffee Script
Frameworks and Programming Languages,Dancer
Frameworks and Programming Languages,Datastar
Frameworks and Programming Languages,Dragon
Frameworks and Programming Languages,ef.js
Frameworks and Programming Languages,Eleventy
Frameworks and Programming Languages,Emotion
Frameworks and Programming Languages,Enyo
Frameworks and Programming Languages,Erlang
Frameworks and Programming Languages,Essential JS 2
Frameworks and Programming Languages,Fat-Free Framework
Frameworks and Programming Languages,Fresh
Frameworks and Programming Languages,Frontity
Frameworks and Programming Languages,Gridsome
Frameworks and Programming Languages,GuppY
Frameworks and Programming Languages,Hamechio
Frameworks and Programming Languages,Handlebars
Frameworks and Programming Languages,HeliumWeb
Frameworks and Programming Languages,Helix Ultimate
Frameworks and Programming Languages,Hexo
Frameworks and Programming Languages,Hogan.js
Frameworks and Programming Languages,Hono
Frameworks and Programming Languages,Hugo
Frameworks and Programming Languages,Includable
Frameworks and Programming Languages,Inertia.js
Frameworks and Programming Languages,Java Servlet
Frameworks and Programming Languages,JavaServer Faces
Frameworks and Programming Languages,JavaServer Pages
Frameworks and Programming Languages,jComponent
Frameworks and Programming Languages,Jekyll
Frameworks and Programming Languages,jQTouch
Frameworks and Programming Languages,jQuery Mobile
Frameworks and Programming Languages,jQuery-pjax
Frameworks and Programming Languages,JSS
Frameworks and Programming Languages,Kemal
Frameworks and Programming Languages,Koa
Frameworks and Programming Languages,Kohana
Frameworks and Programming Languages,Koishi.js
Frameworks and Programming Languages,KPHP
Frameworks and Programming Languages,Ktor
Frameworks and Programming Languages,Leptos
Frameworks and Programming Languages,Lift
Frameworks and Programming Languages,Livewire
Frameworks and Programming Languages,Luana
Frameworks and Programming Languages,Lume
Frameworks and Programming Languages,Marionette.js
Frameworks and Programming Languages,Marko
Frameworks and Programming Languages,MasterkinG32 Framework
Frameworks and Programming Languages,Mithril
Frameworks and Programming Languages,Mojolicious
Frameworks and Programming Languages,Mono
Frameworks and Programming Languages,Moon
Frameworks and Programming Languages,MooTools
Frameworks and Programming Languages,Mustache
Frameworks and Programming Languages,Nette Framework
Frameworks and Programming Languages,Next.js App Router
Frameworks and Programming Languages,Next.js Page Router SSG
Frameworks and Programming Languages,Nextra
Frameworks and Programming Languages,Nordcraft
Frameworks and Programming Languages,Oat++
Frameworks and Programming Languages,Octopress
Frameworks and Programming Languages,Onsen UI
Frameworks and Programming Languages,OpenSwoole
Frameworks and Programming Languages,OpenUI5
Frameworks and Programming Languages,Parse Platform
Frameworks and Programming Languages,Pelican
Frameworks and Programming Languages,Phenomic
Frameworks and Programming Languages,Phoenix LiveView
Frameworks and Programming Languages,pinoox
Frameworks and Programming Languages,Polymer
Frameworks and Programming Languages,Prototype
Frameworks and Programming Languages,Publii
Frameworks and Programming Languages,PyWebIO
Frameworks and Programming Languages,Quarto
Frameworks and Programming Languages,Quasar
Frameworks and Programming Languages,Qwik
Frameworks and Programming Languages,RedwoodJS
Frameworks and Programming Languages,Reflex
Frameworks and Programming Languages,Replicache
Frameworks and Programming Languages,RequireJS
Frameworks and Programming Languages,Retype
Frameworks and Programming Languages,Reveal.js
Frameworks and Programming Languages,Riot
Frameworks and Programming Languages,Ripple
Frameworks and Programming Languages,Rspress
Frameworks and Programming Languages,Ruby
Frameworks and Programming Languages,Saber
Frameworks and Programming Languages,Sails.js
Frameworks and Programming Languages,Sapper
Frameworks and Programming Languages,Scully
Frameworks and Programming Languages,Sencha Touch
Frameworks and Programming Languages,Seosphera
Frameworks and Programming Languages,Shopify Web Components
Frameworks and Programming Languages,SitePad
Frameworks and Programming Languages,SolidJS
Frameworks and Programming Languages,SolidStart
Frameworks and Programming Languages,Sourcey
Frameworks and Programming Languages,Stencil
Frameworks and Programming Languages,Stimulus
Frameworks and Programming Languages,StimulusReflex
Frameworks and Programming Languages,Stitches
Frameworks and Programming Languages,Strapdown.js
Frameworks and Programming Languages,styled-components
Frameworks and Programming Languages,Surge
Frameworks and Programming Languages,The.com
Frameworks and Programming Languages,ThinkPHP
Frameworks and Programming Languages,total.js
Frameworks and Programming Languages,TwistPHP
Frameworks and Programming Languages,Twitter Flight
Frameworks and Programming Languages,UmiJs
Frameworks and Programming Languages,Unpoly
Frameworks and Programming Languages,Vike
Frameworks and Programming Languages,VitePress
Frameworks and Programming Languages,VuePress
Frameworks and Programming Languages,VueStrap
Frameworks and Programming Languages,Web2py
Frameworks and Programming Languages,WebAssembly
Frameworks and Programming Languages,Webix
Frameworks and Programming Languages,WeBlocks
Frameworks and Programming Languages,Wink
Frameworks and Programming Languages,WOW
Frameworks and Programming Languages,Xeora
Frameworks and Programming Languages,ZK
Frameworks and Programming Languages,Zola
Frameworks and Programming Languages,Zone.js
Frameworks and Programming Languages,AMP
Frameworks and Programming Languages,Apple iOS
Frameworks and Programming Languages,ARCore
Frameworks and Programming Languages,Capacitor
Frameworks and Programming Languages,FFmpeg
Frameworks and Programming Languages,Hugging Face
Frameworks and Programming Languages,OpenAPI
Frameworks and Programming Languages,Unreal Engine
Frameworks and Programming Languages,Opal
Frameworks and Programming Languages,WEBDEV
Frameworks and Programming Languages,Oracle Forms
Frameworks and Programming Languages,PL/SQL
Frameworks and Programming Languages,C
Frameworks and Programming Languages,Neos Flow
Frameworks and Programming Languages,Phoenix Framework
Business Intelligence,Apache Zeppelin
Business Intelligence,Appian
Business Intelligence,Apptio Targetprocess
Business Intelligence,ArcGIS Dashboards
Business Intelligence,AtTask
Business Intelligence,Azure Power BI Embedded
Business Intelligence,BIRT
Business Intelligence,Bitnami JasperReports
Business Intelligence,BrightGauge
Business Intelligence,Celonis
Business Intelligence,Clarity PPM
Business Intelligence,Cognos Planning Analytics
Business Intelligence,Cornerstone Performance
Business Intelligence,Cyfe
Business Intelligence,Dash Enterprise
Business Intelligence,Databox
Business Intelligence,Databricks Data Intelligence Platform
Business Intelligence,Databricks SQL
Business Intelligence,Datawrapper
Business Intelligence,Displayr
Business Intelligence,Domo
Business Intelligence,Qlik Sense
Business Intelligence,Dun & Bradstreet
Business Intelligence,Ecovadis
Business Intelligence,Forrester
Business Intelligence,Gartner
Business Intelligence,GeoMedia
Business Intelligence,GEP SMART
Business Intelligence,GoodData
Business Intelligence,Google AppSheet
Business Intelligence,Google Cloud Looker for BI
Business Intelligence,H2O
Business Intelligence,IBM Cognos 10
Business Intelligence,IBM Cognos 8 Business Intelligence
Business Intelligence,IBM Cognos Series 7
Business Intelligence,IBM Watson
Business Intelligence,IBM Watson Studio
Business Intelligence,iGrafx
Business Intelligence,IHS Markit
Business Intelligence,Incorta
Business Intelligence,Inductive Automation Ignition
Business Intelligence,Interflex SP-Expert
Business Intelligence,Jaspersoft
Business Intelligence,Jedox
Business Intelligence,JMP
Business Intelligence,KARTE
Business Intelligence,Kissflow
Business Intelligence,LexisNexis
Business Intelligence,Logi Analytics Platform
Business Intelligence,Looker Studio
Business Intelligence,Maptitude
Business Intelligence,Meltwater
Business Intelligence,Micro Focus Solutions Business Manager
Business Intelligence,Microsoft Excel
Business Intelligence,Microsoft Fabric
Business Intelligence,Microsoft Power Apps
Business Intelligence,Microsoft Power Platform
Business Intelligence,Microsoft SQL Server Business Intelligence
Business Intelligence,MicroStrategy Dossier
Business Intelligence,Nintex Process Manager
Business Intelligence,Obiee
Business Intelligence,OneStream
Business Intelligence,OpenText Analytics
Business Intelligence,Oracle BI Publisher
Business Intelligence,Oracle Business Intelligence Discoverer
Business Intelligence,Oracle Business Process Management
Business Intelligence,Oracle Essbase
Business Intelligence,Oracle Hyperion Planning
Business Intelligence,Palantir Foundry
Business Intelligence,Pentaho
Business Intelligence,Pipefy
Business Intelligence,Plotly Dash
Business Intelligence,ProcessMaker
Business Intelligence,ProductPlan
Business Intelligence,ProfitSword
Business Intelligence,Progress Software
Business Intelligence,Proposify
Business Intelligence,PROS
Business Intelligence,Qualtrics Strategy & Research
Business Intelligence,Relatics
Business Intelligence,Retool
Business Intelligence,RStudio
Business Intelligence,SAP BusinessObjects Dashboards
Business Intelligence,SAP BusinessObjects Design Studio
Business Intelligence,SAP BusinessObjects Web Intelligence
Business Intelligence,SAP Crystal Reports
Business Intelligence,SAP Crystal Reports Viewer
Business Intelligence,SAP Crystal Solutions
Business Intelligence,Sigma
Business Intelligence,Signavio
Business Intelligence,Software AG ARIS
Business Intelligence,Sustainalytics
Business Intelligence,Tableau Public
Business Intelligence,TIBCO Jaspersoft
Business Intelligence,TIBCO Spotfire
Business Intelligence,TIBCO WebFOCUS
Business Intelligence,Treasure Data
Business Intelligence,Tungsten TotalAgility
Business Intelligence,Varicent
Business Intelligence,Workiva
Business Intelligence,ZoomInfo
Business Intelligence,Mode
Business Intelligence,QlikView
Business Intelligence,TIBCO
Business Intelligence,Tableau
Communication and Collaboration,Feishu
Communication and Collaboration,Lark Suite
Communication and Collaboration,3CX
Communication and Collaboration,8x8
Communication and Collaboration,Abstract
Communication and Collaboration,ActiveCollab
Communication and Collaboration,Adobe Acrobat Sign
Communication and Collaboration,Adobe Behance
Communication and Collaboration,Agora
Communication and Collaboration,Alcatel-Lucent
Communication and Collaboration,AlertMedia
Communication and Collaboration,Alertus Unified Mass Notification System
Communication and Collaboration,Amazon Chime
Communication and Collaboration,Amazon Connect
Communication and Collaboration,AnyDesk
Communication and Collaboration,AnyMeeting
Communication and Collaboration,Apptix
Communication and Collaboration,ArcGIS Hub
Communication and Collaboration,Asana
Communication and Collaboration,Asterisk
Communication and Collaboration,Atlassian
Communication and Collaboration,Avaya
Communication and Collaboration,Avaya Contact Center
Communication and Collaboration,Avochato
Communication and Collaboration,Azure Bot Service
Communication and Collaboration,BigBlueButton
Communication and Collaboration,Biscom
Communication and Collaboration,Bitrix24
Communication and Collaboration,Blackboard Collaborate
Communication and Collaboration,BlueJeans
Communication and Collaboration,Bold360
Communication and Collaboration,Buddy
Communication and Collaboration,ChatWork
Communication and Collaboration,Cisco Collaboration
Communication and Collaboration,Cisco Unified Contact Center Express
Communication and Collaboration,Cisco Unified Web Interaction Manager
Communication and Collaboration,Cisco Webex Control Hub
Communication and Collaboration,Cisco WebEx Teams
Communication and Collaboration,ClearSlide
Communication and Collaboration,Cleo Communications
Communication and Collaboration,ClickMeeting
Communication and Collaboration,ClickUp
Communication and Collaboration,ConnectWise Control
Communication and Collaboration,Copilot
Communication and Collaboration,Cvent Meeting Management
Communication and Collaboration,Deskpro
Communication and Collaboration,Dialpad Ai-powered customer communications platform
Communication and Collaboration,Diigo
Communication and Collaboration,Discord
Communication and Collaboration,DocSend
Communication and Collaboration,Draw.io
Communication and Collaboration,Everbridge Public Warning
Communication and Collaboration,Evernote
Communication and Collaboration,Exotel Customer Communication Platform
Communication and Collaboration,EZ Texting
Communication and Collaboration,Facebook Groups
Communication and Collaboration,Facebook SDK
Communication and Collaboration,FigJam
Communication and Collaboration,Figma
Communication and Collaboration,Five9 Intelligent Cloud Contact Center Platform
Communication and Collaboration,FreePBX
Communication and Collaboration,Genesys Cloud CX
Communication and Collaboration,Genesys Contact Center
Communication and Collaboration,Genesys Engage
Communication and Collaboration,Genesys PureConnect
Communication and Collaboration,GitHub Enterprise
Communication and Collaboration,Gliffy
Communication and Collaboration,Google Apps Script for G Suite
Communication and Collaboration,Google Calendar
Communication and Collaboration,Google Contact Center AI
Communication and Collaboration,Google Docs
Communication and Collaboration,Google Geocoding API
Communication and Collaboration,Google Groups
Communication and Collaboration,Google Hangouts
Communication and Collaboration,Google Meet
Communication and Collaboration,Google Sheets
Communication and Collaboration,Google Translate
Communication and Collaboration,HCL Domino
Communication and Collaboration,HCL Notes
Communication and Collaboration,Headspace for Work
Communication and Collaboration,Heymarket
Communication and Collaboration,Higher Logic Thrive
Communication and Collaboration,HipChat
Communication and Collaboration,IFTTT
Communication and Collaboration,InEight DOC
Communication and Collaboration,Infobip
Communication and Collaboration,Interact
Communication and Collaboration,Intrado
Communication and Collaboration,IntraLinks VIA Pro
Communication and Collaboration,InVision
Communication and Collaboration,Issuu
Communication and Collaboration,IT Glue
Communication and Collaboration,Jamboard
Communication and Collaboration,Jira Product Discovery
Communication and Collaboration,Jitsi
Communication and Collaboration,join.me
Communication and Collaboration,JS-Kit
Communication and Collaboration,JustCall
Communication and Collaboration,Kakao
Communication and Collaboration,Kanbanize
Communication and Collaboration,Karma
Communication and Collaboration,Kerio Connect
Communication and Collaboration,Keybase
Communication and Collaboration,Kintone
Communication and Collaboration,LG Uplus
Communication and Collaboration,Lifesize
Communication and Collaboration,LinkedIn Groups
Communication and Collaboration,LiveCall
Communication and Collaboration,LivePerson Automotive
Communication and Collaboration,LogMeIn
Communication and Collaboration,Loom
Communication and Collaboration,LucidChart
Communication and Collaboration,Lucidspark
Communication and Collaboration,Mattermost
Communication and Collaboration,Medallia Zingle
Communication and Collaboration,Media Shuttle
Communication and Collaboration,Microsoft 365
Communication and Collaboration,Microsoft 365 Apps & Services
Communication and Collaboration,Microsoft Bing Speech API
Communication and Collaboration,Microsoft Bot Framework
Communication and Collaboration,Microsoft Copilot Studio
Communication and Collaboration,Microsoft InfoPath
Communication and Collaboration,Microsoft Lync Enterprise Voice
Communication and Collaboration,Microsoft Office
Communication and Collaboration,Microsoft Office 2013
Communication and Collaboration,Microsoft SharePoint Online
Communication and Collaboration,Microsoft Teams
Communication and Collaboration,Microsoft Teams Webinars
Communication and Collaboration,Microsoft Translator
Communication and Collaboration,Microsoft Viva
Communication and Collaboration,MindManager
Communication and Collaboration,Miro
Communication and Collaboration,Mitel
Communication and Collaboration,Mitel MiCollab
Communication and Collaboration,Mixmax
Communication and Collaboration,monday Work Management
Communication and Collaboration,Motorola Command Center Software
Communication and Collaboration,Mural
Communication and Collaboration,NaviNet Open
Communication and Collaboration,NextGen Office
Communication and Collaboration,Otter.ai
Communication and Collaboration,Overloop
Communication and Collaboration,Frame.io
Communication and Collaboration,Monday.com
Communication and Collaboration,Padlet
Communication and Collaboration,Pexip
Communication and Collaboration,Plivo
Communication and Collaboration,Podium
Communication and Collaboration,Prizmdoc
Communication and Collaboration,Qualtrics XM
Communication and Collaboration,Reply
Communication and Collaboration,RingCentral Phone
Communication and Collaboration,RingCentral Video
Communication and Collaboration,Rocket.Chat
Communication and Collaboration,Rocketlane
Communication and Collaboration,Sangoma
Communication and Collaboration,SchoolMessenger
Communication and Collaboration,Send Word Now
Communication and Collaboration,SendBird
Communication and Collaboration,Signal
Communication and Collaboration,Sinch
Communication and Collaboration,Skype
Communication and Collaboration,SkySpark
Communication and Collaboration,Slido
Communication and Collaboration,SmartCOMM
Communication and Collaboration,Smartsheet
Communication and Collaboration,Splashtop
Communication and Collaboration,Stack Overflow
Communication and Collaboration,Staffbase
Communication and Collaboration,SwiftReach
Communication and Collaboration,Swisscom
Communication and Collaboration,SystmOne
Communication and Collaboration,TeamGantt
Communication and Collaboration,TeamViewer
Communication and Collaboration,Teamwork.com
Communication and Collaboration,Telegram
Communication and Collaboration,TeleVox
Communication and Collaboration,Telstra
Communication and Collaboration,TransPerfect Services
Communication and Collaboration,Trello
Communication and Collaboration,Trimble Connect
Communication and Collaboration,TSheets
Communication and Collaboration,Twilio Flex
Communication and Collaboration,Twilio Video
Communication and Collaboration,VICIdial
Communication and Collaboration,VideoAsk
Communication and Collaboration,viDesktop
Communication and Collaboration,Visual Studio Team Services
Communication and Collaboration,VMware Socialcast
Communication and Collaboration,Vodafone Ziggo
Communication and Collaboration,Voiceflow
Communication and Collaboration,Vonage
Communication and Collaboration,WebRTC
Communication and Collaboration,WeChat Work
Communication and Collaboration,WellSaid Labs
Communication and Collaboration,WhatsApp Business Platform
Communication and Collaboration,Whimsical
Communication and Collaboration,Wildix
Communication and Collaboration,Workfront
Communication and Collaboration,Workvivo
Communication and Collaboration,Wrike
Communication and Collaboration,xMatters
Communication and Collaboration,XMedius
Communication and Collaboration,Xmind
Communication and Collaboration,Zadarma Cloud PBX
Communication and Collaboration,Zend Framework
Communication and Collaboration,Zoho Flow
Communication and Collaboration,Zoho Office Suite
Communication and Collaboration,Zoho Projects
Communication and Collaboration,Zoom Contact Center
Communication and Collaboration,Zoom Meetings
Communication and Collaboration,Zoom Phone
Communication and Collaboration,Zoom Whiteboard
Communication and Collaboration,Zoom Workplace
Communication and Collaboration,Zoomin
Communication and Collaboration,Apache JSPWiki
Communication and Collaboration,Atlassian Jira Issue Collector
Communication and Collaboration,Better Stack
Communication and Collaboration,Buglog
Communication and Collaboration,Cachet
Communication and Collaboration,Canny
Communication and Collaboration,Combodo iTop
Communication and Collaboration,CometD
Communication and Collaboration,Community
Communication and Collaboration,Copiny
Communication and Collaboration,Countable
Communication and Collaboration,cState
Communication and Collaboration,Discuz! X
Communication and Collaboration,DokuWiki
Communication and Collaboration,ElkArte
Communication and Collaboration,Faveo
Communication and Collaboration,Feedback Fish
Communication and Collaboration,Flarum
Communication and Collaboration,FluxBB
Communication and Collaboration,Flyspray
Communication and Collaboration,Forumbee
Communication and Collaboration,Foswiki
Communication and Collaboration,FUDforum
Communication and Collaboration,GlitchTip
Communication and Collaboration,HetrixTools
Communication and Collaboration,Hund.io
Communication and Collaboration,ikiwiki
Communication and Collaboration,Incident.io
Communication and Collaboration,Instatus
Communication and Collaboration,Jiglu
Communication and Collaboration,Linen
Communication and Collaboration,LoopedIn
Communication and Collaboration,MantisBT
Communication and Collaboration,Marker
Communication and Collaboration,Mastodon
Communication and Collaboration,MediaWiki
Communication and Collaboration,Mighty Network
Communication and Collaboration,Misskey
Communication and Collaboration,MoinMoin
Communication and Collaboration,Mopinion
Communication and Collaboration,MyBB
Communication and Collaboration,NodeBB
Communication and Collaboration,NodePing
Communication and Collaboration,Nolt
Communication and Collaboration,Nootiz
Communication and Collaboration,Oclocher
Communication and Collaboration,Oh Dear
Communication and Collaboration,otrs
Communication and Collaboration,PeerBoard
Communication and Collaboration,PeerTube
Communication and Collaboration,Phabricator
Communication and Collaboration,Philomena
Communication and Collaboration,phpBB
Communication and Collaboration,Pingdom Uptime Monitoring
Communication and Collaboration,PixelFed
Communication and Collaboration,Pleroma
Communication and Collaboration,Popvox
Communication and Collaboration,PukiWiki
Communication and Collaboration,punBB
Communication and Collaboration,RapidSpike
Communication and Collaboration,Reddit
Communication and Collaboration,Remind
Communication and Collaboration,Ruttl
Communication and Collaboration,Simple Machines Forum
Communication and Collaboration,Sleekplan
Communication and Collaboration,SOPlanning
Communication and Collaboration,Stackify
Communication and Collaboration,Statping
Communication and Collaboration,Status.io
Communication and Collaboration,Statuspal
Communication and Collaboration,Staytus
Communication and Collaboration,Support Hero
Communication and Collaboration,Taiga
Communication and Collaboration,Tapatalk
Communication and Collaboration,TeamLinkt
Communication and Collaboration,TiddlyWiki
Communication and Collaboration,Tiki Wiki CMS Groupware
Communication and Collaboration,Trac
Communication and Collaboration,TWiki
Communication and Collaboration,Ultimate Bulletin Board
Communication and Collaboration,Upptime
Communication and Collaboration,Vigil
Communication and Collaboration,Web Wiz Forums
Communication and Collaboration,WikkaWiki
Communication and Collaboration,XWiki
Communication and Collaboration,Ybug
Communication and Collaboration,YesWiki
Communication and Collaboration,Zammad
Communication and Collaboration,Jira
Communication and Collaboration,Crucible
Communication and Collaboration,Delve
Communication and Collaboration,FishEye
Communication and Collaboration,Gerrit
Communication and Collaboration,Grammarly
Communication and Collaboration,Igloo
Communication and Collaboration,Notion
Communication and Collaboration,Twilio
Communication and Collaboration,Webex
Communication and Collaboration,Front
ERP,1C:Enterprise
ERP,Access Coins
ERP,Adobe Experience Platform
ERP,Adobe LiveCycle
ERP,AFAS ERP
ERP,Amazon CloudSearch
ERP,Amazon Kendra
ERP,Amazon OpenSearch Service
ERP,Apache Lucene
ERP,Aptean
ERP,Archer
ERP,Ariba Buyer
ERP,ATOSS Time Recording
ERP,Azure AI Search
ERP,Azure Cognitive Service for Vision
ERP,Barracuda Sonian
ERP,Basware
ERP,Bottomline
ERP,CargoWise
ERP,CCH Tagetik
ERP,Cegedim
ERP,Cegid Notilus
ERP,Cegid XRP Flex
ERP,Citrix StoreFront
ERP,Clio Manage
ERP,Comarch S.A.
ERP,CONTPAQi
ERP,Coupa Procurement
ERP,Coupa Strategic Sourcing
ERP,Coveo
ERP,Datacor Chempax
ERP,Deacom ERP
ERP,Deltek
ERP,Deltek Ajera
ERP,Deltek Costpoint
ERP,Deltek Maconomy
ERP,Deltek Vantagepoint
ERP,"Diligent One Platform, formerly HighBond"
ERP,Docusaurus
ERP,DocuShare
ERP,Dolibarr ERP CRM
ERP,Doxis4
ERP,E2open Supply Application Suite
ERP,e-automate
ERP,e-Builder Enterprise
ERP,Elastic Observability
ERP,Ellucian PowerCampus
ERP,enrich ERP
ERP,Epicor
ERP,Epicor ERP
ERP,ERPNext
ERP,ETQ Reliance QMS
ERP,Exact
ERP,Facebook Pixel
ERP,Frappe
ERP,GEP NEXXE
ERP,Glovia
ERP,Hawksearch
ERP,HelloSign
ERP,Hex Notebook
ERP,Honeycomb
ERP,HxGN EAM
ERP,Hyland Platform
ERP,IBM Content Manager OnDemand
ERP,IBM FileNet Content Manager
ERP,IBM FileNet P8
ERP,IFS
ERP,IFS Applications
ERP,Inbenta Search
ERP,Infor M3
ERP,Infor Nexus
ERP,Infor OS
ERP,Infor Supply Chain Management
ERP,iSAMS
ERP,Ivalua
ERP,JAGGAER Direct
ERP,JAMIS Prime ERP
ERP,JD Edwards
ERP,JD Edwards EnterpriseOne V9
ERP,Jenzabar One
ERP,JobBOSS²
ERP,Kingdee Software
ERP,Laserfiche
ERP,Lucidworks Fusion
ERP,Magaya Supply Chain
ERP,Manhattan Active Supply Chain
ERP,Meilisearch
ERP,M-Files
ERP,Microsoft Customer Experience Management
ERP,Microsoft Dynamics 365 HR
ERP,Microsoft Dynamics ERP
ERP,Microsoft Dynamics NAV
ERP,Microsoft Exchange 2007
ERP,Microsoft Exchange Server 2010
ERP,Microsoft Exchange Server 2013
ERP,Microsoft Exchange Server 2016
ERP,Microsoft Exchange Server 2019
ERP,Mitratech TeamConnect
ERP,Mule runtime engine
ERP,MYOB Advanced
ERP,MYOB Business
ERP,MYOB Business AccountRight
ERP,Nagios XI
ERP,NAVER
ERP,NetDocuments
ERP,NetSuite ERP
ERP,NetSuite Financial Management
ERP,NetSuite OpenAir
ERP,NetSuite SuiteScript
ERP,NetSuite SuiteTalk
ERP,Nuxeo
ERP,OBIC 7
ERP,Odoo
ERP,Oildex
ERP,Omie
ERP,OpenText Content Manager
ERP,OpenText ECM in the Cloud
ERP,Oracle Agile Product Lifecycle Management
ERP,Oracle E-Business Suite 12
ERP,Oracle Enterprise Content Management
ERP,Oracle Fusion Cloud ERP
ERP,Oracle Fusion Cloud Financials
ERP,Oracle Fusion Project Portfolio Management
ERP,Oracle iSupplier Portal
ERP,Oracle PeopleSoft
ERP,Oracle Planning Cloud
ERP,Oracle Procurement
ERP,Oracle Sourcing
ERP,Oracle Supply Chain Management
ERP,Oracle UPK
ERP,Oracle WebCenter Content
ERP,Origami Risk
ERP,Paessler PRTG
ERP,PagSeguro
ERP,Pandora FMS
ERP,Peoplesoft eProcurement
ERP,PeopleSoft Financial Management
ERP,PeopleSoft PeopleTools
ERP,PeopleSoft Supply Chain Management
ERP,Perceptive Content
ERP,Planview Enterprise One
ERP,Plex Manufacturing Cloud
ERP,Plex Systems
ERP,Priority ERP
ERP,Pronto Software
ERP,Pronto Xi
ERP,Protheus
ERP,PTC Windchill
ERP,QAD Manufacturing
ERP,Ramco ERP
ERP,RelativityOne
ERP,Resolver
ERP,Restaurant365
ERP,Sage 200
ERP,SAI360
ERP,SAP ABAP Objects
ERP,SAP Ariba
ERP,SAP Ariba Buying and Invoicing
ERP,SAP Ariba Sourcing
ERP,SAP Build
ERP,SAP Business ByDesign
ERP,SAP Business Network
ERP,"SAP Configure, Price and Quote"
ERP,SAP ERP Central Component (ECC) 6.0
ERP,SAP Fiori
ERP,SAP Manufacturing Integration and Intelligence
ERP,SAP NetWeaver
ERP,SAP NetWeaver Portal
ERP,SAP Procurement
ERP,SAP S/4HANA
ERP,SAP S/4HANA Cloud
ERP,SAP Sourcing CLM
ERP,SEEBURGER Business Integration Suite
ERP,Senior Sistemas
ERP,ServiceNow Content Management System
ERP,ServiceNow Incident Management
ERP,ServiceNow Knowledge Management
ERP,ServiceNow Service Catalog
ERP,ServiceNow Service Portal
ERP,SignalFX
ERP,Oracle E Business Suite
ERP,Smarsh
ERP,Softland ERP
ERP,Spectrum
ERP,Splunk Observability
ERP,SpringCM
ERP,SYSPRO
ERP,TechnologyOne
ERP,Tecsys Inc.
ERP,Tistory
ERP,TOTVS ERP
ERP,TOTVS Fluig
ERP,Twilio Segment
ERP,Unit4 Business World
ERP,Unit4 ERP
ERP,Vista
ERP,Wolters Kluwer Twinfield
ERP,Workday Cloud Platform
ERP,Workday Procurement
ERP,Workday Strategic Sourcing
ERP,Workday Student
ERP,Zabbix
ERP,Zedonk
ERP,Zmags
ERP,Zucchetti
ERP,Zycus Source-to-Pay
ERP,NetSuite
ERP,SAP
ERP,GEP
ERP,Unleashed
ERP,Acumatica
ERP,Oracle Fusion Cloud - EPM
ERP,Planisware Enterprise
ERP,SAP ERP
ERP,ServiceNow Now Platform
Case Management,Accela
Case Management,Agiloft Service Desk Suite
Case Management,AlayaCare
Case Management,Amicus Attorney by CARET
Case Management,Apricot Software
Case Management,BMC FootPrints
Case Management,BMC Helix Remedyforce
Case Management,BMC Remedy ARS
Case Management,BMC Remedy Service Desk
Case Management,CA Service Management
Case Management,CareLogic EHR
Case Management,Casamba
Case Management,CaseWorthy
Case Management,Clio
Case Management,Epic Health Information Management
Case Management,EpicCare
Case Management,EpicCare Inpatient
Case Management,Everlaw
Case Management,Filevine
Case Management,FogBugz
Case Management,Helix ALM
Case Management,Homecare Homebase
Case Management,Hornbill Service Manager
Case Management,IBM Business Automation Workflow
Case Management,Incident IQ
Case Management,INSZoom
Case Management,Intapp Intake
Case Management,Interqual
Case Management,InvGate Service Management
Case Management,Ironclad
Case Management,Issuetrak
Case Management,Ivanti Service Desk
Case Management,Jitbit Helpdesk
Case Management,ManageEngine ServiceDesk Plus
Case Management,Mitratech HotDocs
Case Management,Mojo Helpdesk
Case Management,Netsmart MyEvolv
Case Management,Netsmart myUnity
Case Management,OncoEMR
Case Management,OnCore CTMS
Case Management,Onit
Case Management,Onvio Firm Management
Case Management,OpenText ApplicationXtender
Case Management,osTicket
Case Management,Pega Platform
Case Management,PowerDMS
Case Management,PracticePanther
Case Management,ProLaw
Case Management,ResWare
Case Management,Salesforce WebToCase
Case Management,ServiceNow
Case Management,SolarWinds Service Desk
Case Management,SolarWinds Web Help Desk
Case Management,SpiraTest
Case Management,Surgical Information Systems
Case Management,TaxDome
Case Management,TechExcel DevSuite
Case Management,TherapyNotes
Case Management,TOPdesk
Case Management,TrackWise
Case Management,Vivantio
Case Management,WebPT
Case Management,WellSky
Case Management,WellSky Home Health
Case Management,Zoho Desk
Case Management,Canopy
Case Management,Cerner
HR Solutions,factorial
HR Solutions,7shifts
HR Solutions,ADP ezLaborManager
HR Solutions,ADP GlobalView Payroll
HR Solutions,ADP Payroll
HR Solutions,ADP TotalSource
HR Solutions,Arcoro
HR Solutions,ATOSS
HR Solutions,Benefitfocus
HR Solutions,Benify
HR Solutions,Breezy HR
HR Solutions,bswift
HR Solutions,Calabrio Workforce Management
HR Solutions,CascadeHR
HR Solutions,Cegid PeopleNet
HR Solutions,Cegid Talent
HR Solutions,Ceridian Powerpay
HR Solutions,ClearCompany
HR Solutions,Culture Amp
HR Solutions,Darwinbox
HR Solutions,Deltek Replicon
HR Solutions,Deluxe Payroll
HR Solutions,Development Dimensions International Pinpoint Platform
HR Solutions,Eightfold AI
HR Solutions,ELMO Software
HR Solutions,Employee Navigator
HR Solutions,Employment Hero
HR Solutions,Enboarder
HR Solutions,ExactHire OnboardCentric
HR Solutions,First Advantage
HR Solutions,Freshteam by Freshworks
HR Solutions,Frontier Software
HR Solutions,greytHR
HR Solutions,Halogen Software
HR Solutions,Harri
HR Solutions,HealthRoster
HR Solutions,Hogan Assessments
HR Solutions,Horoquartz
HR Solutions,Humanforce
HR Solutions,Infor CloudSuite Workforce Management
HR Solutions,Infor Workforce Management
HR Solutions,Insperity
HR Solutions,isolved
HR Solutions,iTrent
HR Solutions,JazzHR
HR Solutions,Keka
HR Solutions,Kronos SaaShr
HR Solutions,Kronos Workforce Central
HR Solutions,Kronos Workforce Dimensions Suite
HR Solutions,Kronos Workforce Management
HR Solutions,Kronos Workforce Ready
HR Solutions,Kronos Workforce Timekeeper
HR Solutions,Manatal
HR Solutions,Microsoft Dynamics 365 for Talent
HR Solutions,Namely
HR Solutions,Neogov HRMS
HR Solutions,NICE Workforce Management
HR Solutions,NOVAtime
HR Solutions,OneSource Virtual
HR Solutions,OnShift
HR Solutions,Oracle Global Human Resources Cloud
HR Solutions,Paycom
HR Solutions,PEO
HR Solutions,PeopleDoc
HR Solutions,PeopleFluent Talent Management
HR Solutions,PeopleHR
HR Solutions,Personio
HR Solutions,PlanSource
HR Solutions,PrismHR
HR Solutions,Qualtrics Employee Experience
HR Solutions,Qulture.Rocks
HR Solutions,Saba Talentlink
HR Solutions,Sage 300 People
HR Solutions,Sage HR
HR Solutions,Sage HRMS
HR Solutions,Sage Payroll
HR Solutions,SAP BTP for HR
HR Solutions,SAP SuccessFactors Employee Central
HR Solutions,SAP SuccessFactors Employee Central Payroll
HR Solutions,SD Worx
HR Solutions,ServiceNow Employee Center
HR Solutions,symplr Workforce
HR Solutions,TCP TimeClock Plus
HR Solutions,The Work Number
HR Solutions,TOTVS HR
HR Solutions,Trinet
HR Solutions,UKG
HR Solutions,UKG Autotime
HR Solutions,UKG Dimensions
HR Solutions,UKG Dimensions Hourly Timekeeping
HR Solutions,UKG Pro
HR Solutions,UKG Pro Onboarding
HR Solutions,UKG Pro Workforce Management
HR Solutions,UKG Ready
HR Solutions,UKG Telestaff
HR Solutions,UKG Workforce Central
HR Solutions,Visma Raet
HR Solutions,VNDLY
HR Solutions,Wagestream
HR Solutions,Workday Payroll
HR Solutions,Workday Payroll and Workforce Management
HR Solutions,Workday Talent Management
HR Solutions,Workforce Software
HR Solutions,WorkTango
HR Solutions,Zellis
HR Solutions,Zoho People
HR Solutions,ADP
Human Capital Management,ADP Celergo
Human Capital Management,ADP Streamline
Human Capital Management,Dayforce
Human Capital Management,Gusto
Human Capital Management,Infor CloudSuite HCM
Human Capital Management,Justworks
Human Capital Management,Oracle Fusion Cloud Human Capital Management
Human Capital Management,Paycor
Human Capital Management,Rippling
Human Capital Management,SAP Fieldglass
Human Capital Management,SAP Human Capital Management
Human Capital Management,SAP SuccessFactors
Human Capital Management,Taleo Business Edition
Human Capital Management,Verint Workforce Engagement
Human Capital Management,Workday HCM
Human Capital Management,Workday
Human Capital Management,Kronos
Human Capital Management,Alight
Human Capital Management,Bob
Human Capital Management,Deputy
Human Capital Management,Remote
Content Management Platform,3Play Media
Content Management Platform,Acquia
Content Management Platform,Acquia DAM
Content Management Platform,Adobe
Content Management Platform,Adobe Creative Cloud Express
Content Management Platform,Adobe Creative Suite
Content Management Platform,Adobe Experience Manager
Content Management Platform,Adobe Express
Content Management Platform,Adobe FrameMaker
Content Management Platform,Adobe InDesign
Content Management Platform,Adobe RoboHelp
Content Management Platform,AdPerfect Obituaries
Content Management Platform,AdvisorStream
Content Management Platform,AEM Elements™ 360
Content Management Platform,AIOSEO
Content Management Platform,Alfresco
Content Management Platform,Apple News
Content Management Platform,Appspace
Content Management Platform,ArcGIS StoryMaps
Content Management Platform,ART19
Content Management Platform,Bablic
Content Management Platform,Backbase DFM
Content Management Platform,Bigtincan Readiness
Content Management Platform,Blackbaud NetCommunity
Content Management Platform,Brandfolder
Content Management Platform,Bynder
Content Management Platform,Calameo
Content Management Platform,Canto
Content Management Platform,Canva
Content Management Platform,Ceros
Content Management Platform,Coda
Content Management Platform,Crowdin
Content Management Platform,Dalet Flex
Content Management Platform,Descript
Content Management Platform,Digitech PaperVision
Content Management Platform,Document360
Content Management Platform,DocuWare
Content Management Platform,dotCMS
Content Management Platform,Dozuki
Content Management Platform,Dspace
Content Management Platform,FlipHTML5
Content Management Platform,FlippingBook
Content Management Platform,Flipsnack
Content Management Platform,Foleon
Content Management Platform,Freepik
Content Management Platform,Frontify
Content Management Platform,HCL Digital Experience
Content Management Platform,Helpjuice
Content Management Platform,HelpNDoc
Content Management Platform,Higher Logic Vanilla
Content Management Platform,Highspot
Content Management Platform,HubSpot Content Hub
Content Management Platform,Ibexa DXP
Content Management Platform,ImageRight
Content Management Platform,Instapage
Content Management Platform,Kapwing
Content Management Platform,Liferay DXP Cloud
Content Management Platform,LiveJournal
Content Management Platform,Lokalise
Content Management Platform,Lucidpress
Content Management Platform,Lytho Creative Workflow
Content Management Platform,MadCap
Content Management Platform,MapPress Pro
Content Management Platform,Medium
Content Management Platform,memoQ server
Content Management Platform,Microsoft Sharepoint Foundation
Content Management Platform,Microsoft Word
Content Management Platform,Mynewsdesk
Content Management Platform,One Link by Translations.com
Content Management Platform,OpenText
Content Management Platform,OpenText Content Suite Platform
Content Management Platform,OpenText TeamSite
Content Management Platform,Optimizely Content Management System
Content Management Platform,Oracle Content Marketing
Content Management Platform,Oracle WebCenter Portal Cloud
Content Management Platform,Oracle WebCenter Sites
Content Management Platform,Oxygen XML Editor
Content Management Platform,PageTurnPro
Content Management Platform,Paligo
Content Management Platform,Patreon
Content Management Platform,Pexels
Content Management Platform,PhotoShelter for Photographers
Content Management Platform,Pimcore
Content Management Platform,Pixlr
Content Management Platform,Portfoliobox
Content Management Platform,Pressero
Content Management Platform,Presspage
Content Management Platform,Prezly
Content Management Platform,PTC Arbortext
Content Management Platform,Publitas
Content Management Platform,Q2
Content Management Platform,Rally
Content Management Platform,Readme
Content Management Platform,Readymag
Content Management Platform,SAP Document Management Service
Content Management Platform,Schema App
Content Management Platform,Scoop.it
Content Management Platform,ScreenCloud Digital Signage
Content Management Platform,Scribd
Content Management Platform,Seismic
Content Management Platform,Simpplr
Content Management Platform,Sketchfab
Content Management Platform,SmugMug
Content Management Platform,Softdocs Etrieve
Content Management Platform,Squiz DXP
Content Management Platform,Stonly
Content Management Platform,StoryChief
Content Management Platform,Submittable
Content Management Platform,Subsplash
Content Management Platform,Substack
Content Management Platform,Thinglink
Content Management Platform,Turtl
Content Management Platform,Unily
Content Management Platform,Unsplash
Content Management Platform,Veeva Vault
Content Management Platform,Veeva Vault eTMF
Content Management Platform,Veeva Vault PromoMats
Content Management Platform,Veeva Vault QualityDocs
Content Management Platform,Venngage
Content Management Platform,Whatfix
Content Management Platform,Yoast
Content Management Platform,Yodeck
Content Management Platform,Zendesk Guide
Content Management Platform,zeroheight
Content Management Platform,Zype
Content Management Platform,Acquia Site Studio
Content Management Platform,Adalo
Content Management Platform,Adobe Dynamic Media Classic
Content Management Platform,Adobe Portfolio
Content Management Platform,Alboom Prosite
Content Management Platform,AllMyLinks
Content Management Platform,ApexPages
Content Management Platform,Appjustable
Content Management Platform,Appy Pie Builder
Content Management Platform,Art Schema
Content Management Platform,Aryeo
Content Management Platform,B12
Content Management Platform,Baya
Content Management Platform,Beae
Content Management Platform,Beezer
Content Management Platform,Behzi
Content Management Platform,Blippa
Content Management Platform,Bluestone PIM
Content Management Platform,Blutui
Content Management Platform,Boats Group
Content Management Platform,Boxmode
Content Management Platform,Bricks
Content Management Platform,Bricksite
Content Management Platform,Brizy WordPress
Content Management Platform,Brushd
Content Management Platform,Cantrip
Content Management Platform,Cargo
Content Management Platform,Carrd
Content Management Platform,Celum
Content Management Platform,Censhare
Content Management Platform,Chinese Menu Online
Content Management Platform,CoffeeCup
Content Management Platform,Convertri
Content Management Platform,Convrrt
Content Management Platform,Corebook
Content Management Platform,Craftum
Content Management Platform,Creatium
Content Management Platform,Destinet
Content Management Platform,Digizuite
Content Management Platform,Divhunt
Content Management Platform,Doteasy Website Builder
Content Management Platform,DotGo
Content Management Platform,Durable
Content Management Platform,Easy Web Editor
Content Management Platform,EverWeb
Content Management Platform,FASO
Content Management Platform,Ferret One
Content Management Platform,Finsweet
Content Management Platform,FlexiFunnels
Content Management Platform,Flipsite
Content Management Platform,Frontastic
Content Management Platform,Get Siimple
Content Management Platform,Goope
Content Management Platform,GraphicsFlow
Content Management Platform,GreatPages
Content Management Platform,GroovePages
Content Management Platform,Heroic
Content Management Platform,Heyflow
Content Management Platform,Hostinger Horizons
Content Management Platform,Hostinger Website Builder
Content Management Platform,Hotel Propeller
Content Management Platform,Hypervisual Page Builder
Content Management Platform,Image Relay
Content Management Platform,Instant
Content Management Platform,iPaper
Content Management Platform,Italiaonline
Content Management Platform,Jacklist
Content Management Platform,Jottful
Content Management Platform,Kapix Studio
Content Management Platform,Kyvio
Content Management Platform,Ladipage
Content Management Platform,Launchrock
Content Management Platform,LiveBooks
Content Management Platform,LiveEdit
Content Management Platform,LiveSite
Content Management Platform,Lovable
Content Management Platform,Mahara
Content Management Platform,MailerLite Website Builder
Content Management Platform,Makeswift
Content Management Platform,Menufy Website
Content Management Platform,Mirador
Content Management Platform,Mobirise
Content Management Platform,Modulify
Content Management Platform,Mono.net
Content Management Platform,Motive
Content Management Platform,Mysitefy
Content Management Platform,MySiteNow
Content Management Platform,MyWebsite
Content Management Platform,MyWebsite Creator
Content Management Platform,MyWebsite Now
Content Management Platform,Nebula Sites
Content Management Platform,Netlify Create
Content Management Platform,Nicepage
Content Management Platform,Onepage
Content Management Platform,OnUniverse
Content Management Platform,Oopy
Content Management Platform,Optimole
Content Management Platform,Optimx Sports
Content Management Platform,Oxygen
Content Management Platform,Pagecloud
Content Management Platform,PageFly
Content Management Platform,Pagemaker
Content Management Platform,Pagevamp
Content Management Platform,PARSICO
Content Management Platform,PhotoShelter for Brands
Content Management Platform,Pickaxe
Content Management Platform,Picturepark
Content Management Platform,Pineapple Builder
Content Management Platform,Pixelesq
Content Management Platform,Planoplan
Content Management Platform,Plasmic
Content Management Platform,Platforma LP
Content Management Platform,Plytix
Content Management Platform,Pobo
Content Management Platform,Podpage
Content Management Platform,Popsy
Content Management Platform,QUV
Content Management Platform,RapidWeaver
Content Management Platform,Rawabit
Content Management Platform,Real Geeks
Content Management Platform,Replo
Content Management Platform,Retrina Builder
Content Management Platform,Rocketspark
Content Management Platform,Sellful
Content Management Platform,Sharing
Content Management Platform,Showit
Content Management Platform,Silex
Content Management Platform,Simple.ink
Content Management Platform,SiteGalore
Content Management Platform,Siteklik
Content Management Platform,SiteW
Content Management Platform,SiteWright
Content Management Platform,Sitey
Content Management Platform,Sketchanet
Content Management Platform,Snapps
Content Management Platform,Sociavore
Content Management Platform,Softr
Content Management Platform,Solo
Content Management Platform,SpotHopper
Content Management Platform,Springnest
Content Management Platform,Sqwiz
Content Management Platform,StackerHQ
Content Management Platform,Stardekk
Content Management Platform,Starhost
Content Management Platform,Super Builder
Content Management Platform,Swipe Pages
Content Management Platform,Tanx
Content Management Platform,TeleportHQ
Content Management Platform,The Church Co
Content Management Platform,THRON
Content Management Platform,Transloadit
Content Management Platform,Tunosite
Content Management Platform,Umso
Content Management Platform,Untree
Content Management Platform,Vev
Content Management Platform,Vintcer
Content Management Platform,Vitrin.me
Content Management Platform,Voog
Content Management Platform,WebBoss
Content Management Platform,Webito
Content Management Platform,WebsiteBuilder
Content Management Platform,Webstudio
Content Management Platform,wpBakery
Content Management Platform,Ycode
Content Management Platform,YOAPress
Content Management Platform,Zarla
Content Management Platform,Zeta Producer
Content Management Platform,ZipWP
Content Management Platform,Zmags Creator
Content Management Platform,Microsoft Sharepoint
Content Management Platform,Portal
Content Management Platform,STUDIO
Contruction Management Platform,AccuLynx
Contruction Management Platform,ALLPLAN
Contruction Management Platform,Archicad
Contruction Management Platform,Bentley
Contruction Management Platform,Buildertrend
Contruction Management Platform,BuildingConnected
Contruction Management Platform,Cartegraph
Contruction Management Platform,CCC ONE
Contruction Management Platform,Cityworks
Contruction Management Platform,CMiC
Contruction Management Platform,CoConstruct
Contruction Management Platform,CompanyCam
Contruction Management Platform,ConstructConnect
Contruction Management Platform,Graphisoft
Contruction Management Platform,InEight
Contruction Management Platform,Inframark
Contruction Management Platform,ISNetworld
Contruction Management Platform,Jonas Enterprise Service & Construction Software
Contruction Management Platform,Kahua
Contruction Management Platform,Kujiale
Contruction Management Platform,MagiCAD
Contruction Management Platform,Maintenance Connection
Contruction Management Platform,Measure Square
Contruction Management Platform,Oracle Aconex
Contruction Management Platform,Oracle Primavera
Contruction Management Platform,Oracle Primavera Contract Management
Contruction Management Platform,PMWeb
Contruction Management Platform,Procore
Contruction Management Platform,RIB Software iTWO
Contruction Management Platform,Viewpoint
Contruction Management Platform,Autodesk
Contruction Management Platform,Trimble
Insurance Software,AMS360
Insurance Software,Applied Epic
Insurance Software,Audatex
Insurance Software,Change Healthcare
Insurance Software,Guidewire
Insurance Software,Guidewire InsuranceSuite
Insurance Software,Guidewire PolicyCenter
Insurance Software,Insurity
Insurance Software,OptumRx
Insurance Software,Sagitta
Insurance Software,Socotra
Insurance Software,Vertafore
Insurance Software,Zego
Insurance Software,Allstate
Insurance Software,Extend
Deployment Tools,Apache Ambari
Deployment Tools,Argocd
Deployment Tools,Azure Pipelines
Deployment Tools,BentoML
Deployment Tools,Bitnami
Deployment Tools,Bitrise
Deployment Tools,Buildkite
Deployment Tools,CircleCI
Deployment Tools,Codefresh
Deployment Tools,Codeship
Deployment Tools,Git
Deployment Tools,GitHub Actions
Deployment Tools,GoCD
Deployment Tools,Harness
Deployment Tools,Hashicorp Nomad
Deployment Tools,JFrog
Deployment Tools,LaunchDarkly
Deployment Tools,Mendix
Deployment Tools,Microsoft Visual Studio App Center
Deployment Tools,Octopus Deploy
Deployment Tools,Portainer
Deployment Tools,Red Hat JBoss Enterprise Application Platform
Deployment Tools,Subversion
Deployment Tools,TeamCity
Deployment Tools,Azure Devops
Deployment Tools,Cloud 66
Deployment Tools,TestFlight
Deployment Tools,Travis CI
Deployment Tools,Code Climate
Deployment Tools,GitLab CI/CD
Deployment Tools,IBM Websphere
Deployment Tools,Jenkins
Deployment Tools,Ansible
Deployment Tools,Bamboo
Deployment Tools,Docker
Deployment Tools,Released
Robotic Process Automation,Bizagi
Robotic Process Automation,Automation Anywhere
Robotic Process Automation,Camunda
Robotic Process Automation,Esker
Robotic Process Automation,Kofax ReadSoft Online
Robotic Process Automation,Microsoft Power Automate
Robotic Process Automation,Nintex
Robotic Process Automation,RoboHead
Robotic Process Automation,The UiPath Platform™
Robotic Process Automation,Uipath
Robotic Process Automation,Workato
Robotic Process Automation,Make
Enterprise Mobility Management,BlackBerry UEM
Enterprise Mobility Management,Citrix Workspace
Enterprise Mobility Management,Digital.ai App Management
Enterprise Mobility Management,Fiberlink
Enterprise Mobility Management,Jamf
Enterprise Mobility Management,Citrix XenMobile
Enterprise Mobility Management,Jamf Pro
Enterprise Mobility Management,Kaseya VSA
Enterprise Mobility Management,Matrix42 MyWorkspace
Enterprise Mobility Management,Meraki Systems Manager
Enterprise Mobility Management,Microsoft Endpoint Manager
Enterprise Mobility Management,Microsoft Enterprise Mobility and Security
Enterprise Mobility Management,Microsoft Entra
Enterprise Mobility Management,Microsoft Entra ID
Enterprise Mobility Management,Microsoft Intune
Enterprise Mobility Management,Microsoft Intune Suite
Enterprise Mobility Management,Oomnitza
Enterprise Mobility Management,Pulse Secure
Enterprise Mobility Management,Quest KACE System Management Appliance
Enterprise Mobility Management,SOTI
Enterprise Mobility Management,VMware AirWatch
Hosted Forms,123ContactForm
Hosted Forms,123FormBuilder
Hosted Forms,Confirmit
Hosted Forms,Formassembly
Hosted Forms,Form.com
Hosted Forms,Forms on the Fly
Hosted Forms,Formsite
Hosted Forms,Formspree
Hosted Forms,Formstack
Hosted Forms,Google Forms
Hosted Forms,Gravity Forms
Hosted Forms,Jotform
Hosted Forms,Microsoft Forms
Hosted Forms,Plumsail Forms
Hosted Forms,Podio
Hosted Forms,ProntoForms
Hosted Forms,Reformed
Hosted Forms,Scholarselect
Hosted Forms,SmartSurvey
Hosted Forms,Smartwaiver
Hosted Forms,Wufoo
Hosted Forms,Zoho Forms
Hosted Forms,Airform
Hosted Forms,Arengu
Hosted Forms,Basin
Hosted Forms,Campflow
Hosted Forms,Form.io
Hosted Forms,Form.taxi
Hosted Forms,Formaloo
Hosted Forms,FormBold
Hosted Forms,FormBucket
Hosted Forms,Formcake
Hosted Forms,Formcan
Hosted Forms,FormDr
Hosted Forms,Formester
Hosted Forms,Formli
Hosted Forms,Formrun
Hosted Forms,Formsort
Hosted Forms,Frontlead
Hosted Forms,GoZen Forms
Hosted Forms,Inputflow
Hosted Forms,Klaviyo Forms
Hosted Forms,Modal Forms
Hosted Forms,NativeForms
Hosted Forms,Netlify Forms
Hosted Forms,OpnForm
Hosted Forms,Pabbly Form Builder
Hosted Forms,Powerful Form
Hosted Forms,QForm
Hosted Forms,Respondi
Hosted Forms,Sheet Monkey
Hosted Forms,Slapform
Hosted Forms,VertaFlow Forms
Hosted Forms,Web3Forms
Hosting,20i StackMail
Hosting,TransIP Email
Hosting,Beget hosting mail
Hosting,Network Solutions
Hosting,Simply.com
Hosting,Namecheap shared hosting
Hosting,ru-center
Hosting,3t Systems
Hosting,6 Degrees Hosting
Hosting,A2 Hosting
Hosting,A Small Orange
Hosting,AboveNet
Hosting,Acast
Hosting,Adapt Hosting
Hosting,Amazon AWS
Hosting,American Technology Services
Hosting,Apache HTTP Server
Hosting,Aptible
Hosting,Aruba
Hosting,AT&T
Hosting,AT&T Web Hosting
Hosting,BigRock
Hosting,Black Lotus
Hosting,BlackMesh
Hosting,Blue Host
Hosting,Buzzsprout
Hosting,Carpathia Hosting
Hosting,Catalyst
Hosting,CentOS
Hosting,CenturyLink
Hosting,Cincopa
Hosting,Cirrus Tech
Hosting,Claranet Hosting
Hosting,Cloudways
Hosting,Codebase
Hosting,Cogent
Hosting,Colt
Hosting,Comcast
Hosting,Connectria
Hosting,cPanel
Hosting,Crucial
Hosting,Data Foundry
Hosting,Datapipe
Hosting,Dbs International
Hosting,Debian
Hosting,DigitalOcean
Hosting,Dimension Data
Hosting,DreamHost Hosting
Hosting,DreamHost Shared Website Hosting
Hosting,Eclipse Jetty
Hosting,ECRITEL
Hosting,Edgewebhosting
Hosting,Endurance International Group
Hosting,Equinix
Hosting,Expedient Data Centers
Hosting,Fastly Hosting
Hosting,Firehost
Hosting,Flywheel
Hosting,FreeBSD
Hosting,Fujitsu
Hosting,GitHub
Hosting,GoDaddy Hosting
Hosting,GoGrid
Hosting,Google Cloud Hosting
Hosting,Google Firebase Hosting
Hosting,Google Sites
Hosting,Heroku
Hosting,Hetzner
Hosting,home.pl
Hosting,Hostalia
Hosting,HostDime
Hosting,Hostgator
Hosting,Hosting.com
Hosting,Hostinger
Hosting,HostMonster
Hosting,HostPapa
Hosting,iland
Hosting,InfoRelay
Hosting,InMotion Hosting
Hosting,Internap Network
Hosting,IONOS
Hosting,iPage
Hosting,IT.net
Hosting,JetBrains
Hosting,JetBrains Space
Hosting,Joyent
Hosting,Kinsta
Hosting,Latisys
Hosting,Layered Tech
Hosting,LeaseWeb
Hosting,Level 3 Hosting
Hosting,Libsyn
Hosting,Linknow Media
Hosting,Liquidweb
Hosting,Logicworks
Hosting,MaxMind
Hosting,Media Temple
Hosting,Microsoft Azure Hosting
Hosting,Navisite
Hosting,NephoScale
Hosting,NeuStar
Hosting,Nexcess
Hosting,Online Tech
Hosting,OnRamp Hosting
Hosting,Oracle Cloud
Hosting,Oracle GlassFish
Hosting,Oracle HTTP Server
Hosting,ORCS Web
Hosting,ParkingCrew
Hosting,Peak 10
Hosting,Philadelphia Technology Park
Hosting,Platform.sh
Hosting,Plesk
Hosting,PodBean
Hosting,Prolexic
Hosting,Pulsant Hosting
Hosting,Rackspace
Hosting,Red Hat JBoss Web Server
Hosting,Rochen
Hosting,Rocky Linux
Hosting,Sedo Domain Parking
Hosting,Selectel Hosting
Hosting,ServerBeach
Hosting,SimpleCast
Hosting,SimpleHelix
Hosting,SingleHop
Hosting,Sleek Networks
Hosting,SoftLayer
Hosting,SourceForge
Hosting,Spreaker
Hosting,Strato
Hosting,Telepacific
Hosting,Terremark
Hosting,Thinkgrid
Hosting,UK Fast Hosting
Hosting,Unified Layer
Hosting,UpCloud
Hosting,Vercel
Hosting,Verio
Hosting,Verio Hosting
Hosting,Verizon
Hosting,Vultr
Hosting,Web.com
Hosting,Webflow Hosting
Hosting,WHMCS
Hosting,Xand
Hosting,XO Communications
Hosting,Xtium
Hosting,XXL webhosting
Hosting,Zend Server
Hosting,Zerolag
Hosting,Acquia Cloud Site Factory
Hosting,ALL-INKL
Hosting,AlternC
Hosting,Angie
Hosting,AOLserver
Hosting,Apache APISIX
Hosting,Apache Traffic Server
Hosting,Artifactory Web Server
Hosting,CactiveCloud
Hosting,Caddy
Hosting,Centminmod
Hosting,Cherokee
Hosting,CherryPy
Hosting,Cowboy
Hosting,Creoline
Hosting,Daphne
Hosting,DirectAdmin
Hosting,Drupal Multisite
Hosting,EasyEngine
Hosting,Elementor Cloud
Hosting,ELOG HTTP
Hosting,EmbedThis Appweb
Hosting,EZproxy
Hosting,FeatherPanel
Hosting,Ferron
Hosting,GoAhead
Hosting,Google Web Server
Hosting,GuideIT
Hosting,Helhost
Hosting,HHVM
Hosting,Hiawatha
Hosting,HP Compact Server
Hosting,HP iLO
Hosting,Hypercloudhost
Hosting,Hypercorn
Hosting,Hyperlane
Hosting,i-MSCP
Hosting,IIS
Hosting,Indy
Hosting,Infomaniak
Hosting,Intel Active Management Technology
Hosting,JBoss Application Server
Hosting,Kangle
Hosting,Kestrel
Hosting,libwww-perl-daemon
Hosting,lighttpd
Hosting,LiteSpeed
Hosting,LlamaLink Cloud Server
Hosting,Luveedu Cloud
Hosting,Mercurycloud
Hosting,Microsoft HTTPAPI
Hosting,mini_httpd
Hosting,MiniServ
Hosting,MochiWeb
Hosting,Mongrel
Hosting,Monkey HTTP Server
Hosting,Motherhost
Hosting,Nestify
Hosting,Newspack by Automattic
Hosting,Next.js Page Router SSR
Hosting,nghttpx - HTTP/2 proxy
Hosting,Niagahoster
Hosting,Novaresa
Hosting,One.com
Hosting,OpenBSD httpd
Hosting,OpenGSE
Hosting,Pterodactyl Panel
Hosting,RoadRunner
Hosting,Rosti
Hosting,RX Web Server
Hosting,SimpleHTTP
Hosting,SlickStack
Hosting,Smilii
Hosting,Starlet
Hosting,Strattic
Hosting,Tangled Network
Hosting,Tencent Waterproof Wall
Hosting,Tengine
Hosting,thttpd
Hosting,TornadoServer
Hosting,TwistedWeb
Hosting,Uvicorn
Hosting,Warp
Hosting,WEBrick
Hosting,Winstone Servlet Container
Hosting,WordPress Multisite
Hosting,XAMPP
Hosting,Xitami
Hosting,Xserver
Hosting,Yaws
Hosting,Zend
Hosting,Zope
Hosting,Oracle Linux
Hosting,Red Hat Enterprise Linux
Hosting,Windows Server
Lead Generation Software,ActiveConversion
Lead Generation Software,Albacross
Lead Generation Software,Captora
Lead Generation Software,eLead
Lead Generation Software,Enecto
Lead Generation Software,Insightera
Lead Generation Software,Intelligent Demand
Lead Generation Software,Jornaya
Lead Generation Software,Kunversion
Lead Generation Software,LeadExplorer
Lead Generation Software,LeadForensics
Lead Generation Software,LeadLab
Lead Generation Software,Leadlander
Lead Generation Software,Leads by Web.com
Lead Generation Software,Market Leader
Lead Generation Software,Mentad
Lead Generation Software,OptinMonster
Lead Generation Software,Poptin
Lead Generation Software,ReachEdge
Lead Generation Software,ReachForce
Lead Generation Software,ResponseiQ
Lead Generation Software,Rooster
Lead Generation Software,Snovio
Lead Generation Software,Survicate
Lead Generation Software,TigerLead
Lead Generation Software,VisiStat
Lead Generation Software,VisitorTrack
Lead Generation Software,Visual Visitor
Lead Generation Software,Zurple
Lead Generation Software,Sumo
Live Streaming Platforms,24liveblog
Live Streaming Platforms,316networks
Live Streaming Platforms,Conviva
Live Streaming Platforms,Dacast
Live Streaming Platforms,Live365
Live Streaming Platforms,Mux
Live Streaming Platforms,Neulion
Live Streaming Platforms,NicePeopleAtWork
Live Streaming Platforms,OneStream Live
Live Streaming Platforms,Panopto
Live Streaming Platforms,Qbrick
Live Streaming Platforms,Restream
Live Streaming Platforms,Riverside.fm
Live Streaming Platforms,Sonic Foundry
Live Streaming Platforms,Streamlabs
Live Streaming Platforms,StreamYard
Live Streaming Platforms,Tito
Live Streaming Platforms,TuneIn
Live Streaming Platforms,Uplynk
Live Streaming Platforms,Ustream
Live Streaming Platforms,Vimeo Livestream
Live Streaming Platforms,Vizrt
Live Streaming Platforms,Wowza Video
Live Streaming Platforms,YouTube Live
Live Streaming Platforms,Acquire Cobrowse
Live Streaming Platforms,Bambuser
Live Streaming Platforms,Confer With
Live Streaming Platforms,Dyte
Live Streaming Platforms,EasyWebinar
Live Streaming Platforms,Go Instore
Live Streaming Platforms,HeySummit
Live Streaming Platforms,Klarna Virtual Shopping
Live Streaming Platforms,Ocular
Live Streaming Platforms,Plaza
Live Streaming Platforms,Trovo
Live Streaming Platforms,Viloud
Live Streaming Platforms,Vonage Video API
Live Streaming Platforms,Webinato
Live Streaming Platforms,VMIX
Load Balancers,Amazon Elastic Load Balancer
Load Balancers,Apache
Load Balancers,BT Web Server
Load Balancers,Citrix ADC
Load Balancers,Citrix Intelligent Traffic Management
Load Balancers,F5 BIG-IP
Load Balancers,F5 BIG-IP Local Traffic Manager
Load Balancers,F5 TMOS
Load Balancers,Google Cloud Load Balancing
Load Balancers,Google Frontend
Load Balancers,Gunicorn
Load Balancers,IBM HTTP Server
Load Balancers,ISA Web Publishing Load Balancer
Load Balancers,Ivanti vADC
Load Balancers,JetNEXUS
Load Balancers,Microsoft-IIS
Load Balancers,Netcache
Load Balancers,Nginx
Load Balancers,Oracle Application Server
Load Balancers,Oracle iPlanet Web Server
Load Balancers,Phusion Passenger
Load Balancers,QRATOR
Load Balancers,Ubuntu
Load Balancers,Varnish
Load Balancers,Wily
Load Balancers,Zeus
Load Balancers,Amazon ALB
Load Balancers,Amazon ELB
Load Balancers,Application Request Routing
Load Balancers,Hydra-Shield
Load Balancers,MATORI.NET
Load Balancers,Urllo
Load Balancers,V2Board
Loyalty and Gamification,Annex Cloud
Loyalty and Gamification,Badgeville
Loyalty and Gamification,BellyCard
Loyalty and Gamification,Bigdoor
Loyalty and Gamification,Bonusly
Loyalty and Gamification,Bunchball
Loyalty and Gamification,Buyapowa
Loyalty and Gamification,CrowdTwist
Loyalty and Gamification,Eprize
Loyalty and Gamification,Loyalty Lab
Loyalty and Gamification,LoyaltyLion - loyalty platform
Loyalty and Gamification,Mention Me
Loyalty and Gamification,Paytronix CXP
Loyalty and Gamification,PerkSpot
Loyalty and Gamification,Perkville
Loyalty and Gamification,Punchh
Loyalty and Gamification,Punchtab
Loyalty and Gamification,Rafflecopter
Loyalty and Gamification,S Loyalty
Loyalty and Gamification,Smile.io
Loyalty and Gamification,Swell Rewards
Loyalty and Gamification,Zinrelo Loyalty Rewards Platform
Loyalty and Gamification,99minds
Loyalty and Gamification,Antavo
Loyalty and Gamification,Beans
Loyalty and Gamification,BON Loyalty
Loyalty and Gamification,CleverInsight
Loyalty and Gamification,Eber
Loyalty and Gamification,Fondue
Loyalty and Gamification,Gameball
Loyalty and Gamification,Glow
Loyalty and Gamification,HeyPongo
Loyalty and Gamification,Inveterate
Loyalty and Gamification,Kangaroo Rewards
Loyalty and Gamification,Loloyal
Loyalty and Gamification,Lootly
Loyalty and Gamification,Loyalzoo
Loyalty and Gamification,Loyoly
Loyalty and Gamification,Marsello
Loyalty and Gamification,MyCred
Loyalty and Gamification,Piggy
Loyalty and Gamification,Pobuca
Loyalty and Gamification,Redonner
Loyalty and Gamification,Rise.ai
Loyalty and Gamification,Sessionly
Loyalty and Gamification,ShopHub
Loyalty and Gamification,SpurIT Loyalty App
Loyalty and Gamification,TapMango
Loyalty and Gamification,Thanx
Loyalty and Gamification,Voucherify
Loyalty and Gamification,Vyper
Loyalty and Gamification,Warply
Loyalty and Gamification,Yotpo Loyalty & Referrals
Loyalty and Gamification,Smile
Marketing Automation,6sense
Marketing Automation,6sense Revenue Marketing
Marketing Automation,Acoustic Campaign
Marketing Automation,Act-On
Marketing Automation,Active Campaign
Marketing Automation,ActiveDEMAND
Marketing Automation,Adobe Experience Cloud
Marketing Automation,Adobe Marketo Engage
Marketing Automation,Alexa Marketing Stack
Marketing Automation,Aprimo
Marketing Automation,APSIS One
Marketing Automation,Autopilot
Marketing Automation,Balihoo
Marketing Automation,Bento
Marketing Automation,Bluecore
Marketing Automation,Blueshift
Marketing Automation,BrandMuscle
Marketing Automation,Cake Marketing
Marketing Automation,Cheetah Digital
Marketing Automation,ClickDimensions
Marketing Automation,Clientify
Marketing Automation,ConvertFlow
Marketing Automation,Convertize
Marketing Automation,Cordial
Marketing Automation,CoreMotives
Marketing Automation,Creatopy
Marketing Automation,Demandbase ABM/ABX Cloud
Marketing Automation,Demandforce
Marketing Automation,Dotdigital
Marketing Automation,Drip
Marketing Automation,Eloqua
Marketing Automation,eMarketeer
Marketing Automation,Engaging Networks
Marketing Automation,eTrigue
Marketing Automation,Everflow
Marketing Automation,Exit Intel
Marketing Automation,Force24
Marketing Automation,Genius
Marketing Automation,Genoo
Marketing Automation,Go Digital Marketing
Marketing Automation,Google Marketing Platform
Marketing Automation,Greenrope
Marketing Automation,Hatchbuck
Marketing Automation,Hubspot
Marketing Automation,HubSpot Marketing Hub
Marketing Automation,Hustle
Marketing Automation,IBM Watson Marketing
Marketing Automation,Influ2
Marketing Automation,Insider
Marketing Automation,Intive Referrals
Marketing Automation,iPresso
Marketing Automation,Iterable
Marketing Automation,iZooto
Marketing Automation,Kahuna
Marketing Automation,Kapost
Marketing Automation,KnowledgeMarketing
Marketing Automation,Landingi
Marketing Automation,Launchmetrics
Marketing Automation,LeadFormix
Marketing Automation,LeadLiaison
Marketing Automation,Leadsius
Marketing Automation,Leadsquared Marketing Automation
Marketing Automation,Leanplum
Marketing Automation,LoopFuse
Marketing Automation,MakesBridge
Marketing Automation,Manticore
Marketing Automation,Mapp Marketing Cloud
Marketing Automation,Marketing 360
Marketing Automation,Marketingmatic
Marketing Automation,Maropost Marketing Cloud
Marketing Automation,Mautic
Marketing Automation,Microsoft Dynamics 365 Marketing
Marketing Automation,Microsoft Marketing
Marketing Automation,Mirakl
Marketing Automation,Outreach.io
Marketing Automation,MoEngage
Marketing Automation,n8n
Marketing Automation,Net-Results
Marketing Automation,Netcore Customer Engagement and Experience Platform
Marketing Automation,Ometria
Marketing Automation,Omniconvert
Marketing Automation,Omnisend
Marketing Automation,Oncord
Marketing Automation,Optify
Marketing Automation,Oracle Marketing Cloud
Marketing Automation,Orange Soda
Marketing Automation,Otto
Marketing Automation,OutboundEngine
Marketing Automation,Photoslurp
Marketing Automation,ProspectEye
Marketing Automation,PushEngage
Marketing Automation,Qualifio
Marketing Automation,RedEye
Marketing Automation,RollWorks Account-Based Platform
Marketing Automation,Salesforce Marketing Cloud
Marketing Automation,Salesforce Marketing Cloud Account Engagement
Marketing Automation,SalesFUSION
Marketing Automation,SALESmanago
Marketing Automation,Selligent
Marketing Automation,SharpSpring
Marketing Automation,ShortStack
Marketing Automation,SimpleTexting
Marketing Automation,Skai
Marketing Automation,SlickText
Marketing Automation,SnapApp
Marketing Automation,Splio
Marketing Automation,Spotler Mail+
Marketing Automation,Squirrly
Marketing Automation,Triblio
Marketing Automation,UberFlip
Marketing Automation,Unica
Marketing Automation,VBOUT
Marketing Automation,Voyado
Marketing Automation,Vuture
Marketing Automation,Woobox
Marketing Automation,XMPie
Marketing Automation,Xtremepush
Marketing Automation,Yodle
Marketing Automation,Yotpo SMSBump
Marketing Automation,Zotabox
Marketing Automation,RD Station
Marketing Automation,Acquia Campaign Factory
Marketing Automation,Actito
Marketing Automation,Adabra
Marketing Automation,Adenzo
Marketing Automation,Adtriba
Marketing Automation,Agillic
Marketing Automation,AI LOG
Marketing Automation,Aimbase
Marketing Automation,Aimerce
Marketing Automation,Aimtell
Marketing Automation,AiTrillion
Marketing Automation,Akero
Marketing Automation,Alimama
Marketing Automation,AllClients
Marketing Automation,Alohome
Marketing Automation,Amped
Marketing Automation,Ampry
Marketing Automation,Angler AI
Marketing Automation,ArtPlacer
Marketing Automation,AttractROI
Marketing Automation,Automated Growth
Marketing Automation,AutomateWoo
Marketing Automation,Automatic Members
Marketing Automation,AutomaticSales
Marketing Automation,Automizely
Marketing Automation,AvidAI
Marketing Automation,Banana Splash
Marketing Automation,Bant
Marketing Automation,Beacons
Marketing Automation,Beam Impact
Marketing Automation,Bench
Marketing Automation,Black Crow
Marketing Automation,Blendee
Marketing Automation,Blue Corona
Marketing Automation,Boberdoo
Marketing Automation,Boei
Marketing Automation,boomtime
Marketing Automation,Brafton
Marketing Automation,Brainlead
Marketing Automation,BrandBuilderAI
Marketing Automation,BrightInfo
Marketing Automation,BTOLEAD
Marketing Automation,BuzzBuilder
Marketing Automation,BySide
Marketing Automation,CartKit
Marketing Automation,Carts Guru
Marketing Automation,CasaSoft
Marketing Automation,Catylist
Marketing Automation,CausalFunnel
Marketing Automation,Certishopping
Marketing Automation,CHIIRP
Marketing Automation,Chimpify
Marketing Automation,Clarivoy
Marketing Automation,Claspo
Marketing Automation,Clearlink
Marketing Automation,CLIKdata
Marketing Automation,Closing Boost
Marketing Automation,Cnvert
Marketing Automation,CoCo AI
Marketing Automation,COCON
Marketing Automation,Conduze
Marketing Automation,Connectally
Marketing Automation,Conneqto
Marketing Automation,Connexity
Marketing Automation,ContactUs
Marketing Automation,Converge
Marketing Automation,Convertful
Marketing Automation,Convincely
Marketing Automation,Convious
Marketing Automation,Cool Popup
Marketing Automation,Copernica
Marketing Automation,Copilot AI
Marketing Automation,Creaitor
Marketing Automation,Create Demand
Marketing Automation,CRM Done Better
Marketing Automation,Curaytor
Marketing Automation,Customer Stories
Marketing Automation,CXDP
Marketing Automation,D.Engage
Marketing Automation,Dakno
Marketing Automation,Dashly
Marketing Automation,data nugget
Marketing Automation,Datacrush
Marketing Automation,DataDojo
Marketing Automation,Datalitics
Marketing Automation,Datarize
Marketing Automation,Deadline Funnel
Marketing Automation,Deal.ai
Marketing Automation,Deep Lawn
Marketing Automation,DeepMarkit
Marketing Automation,Delera
Marketing Automation,Dialog Insight
Marketing Automation,Doctor.com
Marketing Automation,Dreamdata
Marketing Automation,e-goi
Marketing Automation,Ecal
Marketing Automation,EcomX
Marketing Automation,Edugram
Marketing Automation,Eggflow
Marketing Automation,Emanda
Marketing Automation,emBlue
Marketing Automation,Emotive
Marketing Automation,Engaga
Marketing Automation,eSputnik
Marketing Automation,Estate Track
Marketing Automation,Evidence
Marketing Automation,Feedify
Marketing Automation,Fello
Marketing Automation,Firepush
Marketing Automation,Flable
Marketing Automation,FlowTrack
Marketing Automation,FMG Suite
Marketing Automation,Fohr
Marketing Automation,Fomo
Marketing Automation,Formtoro
Marketing Automation,Forsant
Marketing Automation,Frederick
Marketing Automation,FreedomKit
Marketing Automation,Frizbit
Marketing Automation,Funnel Science
Marketing Automation,FunnelCockpit
Marketing Automation,Funnels of Course
Marketing Automation,Funnelytics
Marketing Automation,Geggio
Marketing Automation,Getback
Marketing Automation,Getgabs
Marketing Automation,GetMoreStudents
Marketing Automation,Goat Systems
Marketing Automation,GoodAPI
Marketing Automation,Grade.us
Marketing Automation,Grivy
Marketing Automation,Groove.cm
Marketing Automation,Growave
Marketing Automation,GrowSurf
Marketing Automation,Gruvi
Marketing Automation,Happy Talk
Marketing Automation,HappySync
Marketing Automation,Harafunnel
Marketing Automation,Higher Logic
Marketing Automation,HighLevel
Marketing Automation,Homefiniti
Marketing Automation,Hub Platform
Marketing Automation,Hushly
Marketing Automation,Icegram
Marketing Automation,icomm
Marketing Automation,icomm - Notifications Hub
Marketing Automation,Influence
Marketing Automation,Informa Markets
Marketing Automation,Integrately
Marketing Automation,Interago
Marketing Automation,Intice
Marketing Automation,Jabmo
Marketing Automation,Kamozi
Marketing Automation,Kartra
Marketing Automation,Kasika
Marketing Automation,KeaBuilder
Marketing Automation,Keymailer
Marketing Automation,Keywee
Marketing Automation,Kit
Marketing Automation,Kizen
Marketing Automation,KlickPages
Marketing Automation,KlickTipp
Marketing Automation,Kliken
Marketing Automation,Kommi
Marketing Automation,Kulea Marketing
Marketing Automation,Kwanzoo
Marketing Automation,Lead Concept
Marketing Automation,Lead Prosper
Marketing Automation,LeadByte
Marketing Automation,Leadferno
Marketing Automation,Leads2b
Marketing Automation,LeadsBridge
Marketing Automation,LeadsLeap
Marketing Automation,LeadSlide
Marketing Automation,Linda
Marketing Automation,Linkz
Marketing Automation,LocaliQ Live Chat
Marketing Automation,LocalSignal
Marketing Automation,Lofty
Marketing Automation,Loops
Marketing Automation,LotLinx
Marketing Automation,Maatoo
Marketing Automation,MadKudu
Marketing Automation,Maestra
Marketing Automation,Magnews
Marketing Automation,Maguru
Marketing Automation,Mailocator
Marketing Automation,ManyContacts
Marketing Automation,Markate
Marketing Automation,MarketHero
Marketing Automation,Marketify
Marketing Automation,MDirector
Marketing Automation,Mega
Marketing Automation,Merit
Marketing Automation,MissionSuite
Marketing Automation,Moast
Marketing Automation,Monetize Pro
Marketing Automation,Monocle
Marketing Automation,Mopro
Marketing Automation,Movylo
Marketing Automation,MyEsalon
Marketing Automation,Najva
Marketing Automation,Nexxtmove
Marketing Automation,Niice
Marketing Automation,Nudgify
Marketing Automation,Nurture
Marketing Automation,Nurture Boss
Marketing Automation,Oddcast
Marketing Automation,Omacro
Marketing Automation,Online Succes
Marketing Automation,Opesta
Marketing Automation,Ops Calendar
Marketing Automation,Optinopoli
Marketing Automation,Orimon.ai
Marketing Automation,OtterText
Marketing Automation,Outfunnel
Marketing Automation,Outplay
Marketing Automation,Package.AI
Marketing Automation,Papirfly
Marketing Automation,Persona.ly
Marketing Automation,Phonexa
Marketing Automation,PiAds
Marketing Automation,Pimster
Marketing Automation,Pixel Motion
Marketing Automation,Platformly
Marketing Automation,Plezi
Marketing Automation,Plices
Marketing Automation,PlusThis
Marketing Automation,Pocus
Marketing Automation,Popify
Marketing Automation,Poppins
Marketing Automation,Post Dolphin
Marketing Automation,Postie
Marketing Automation,Probance
Marketing Automation,Profit Lifter
Marketing Automation,ProfitFlo
Marketing Automation,Progreda
Marketing Automation,Promio
Marketing Automation,Promo AI
Marketing Automation,Proofdy
Marketing Automation,PushAlert
Marketing Automation,PushBots
Marketing Automation,Pushe
Marketing Automation,Pushify
Marketing Automation,Pushouse
Marketing Automation,PushOwl
Marketing Automation,PushPushGo
Marketing Automation,Quizitri
Marketing Automation,RE:Guest
Marketing Automation,ReadyPlanet
Marketing Automation,Redrive
Marketing Automation,Remedo
Marketing Automation,Resultify
Marketing Automation,Reuzenpanda
Marketing Automation,RevTrax
Marketing Automation,Ringostat
Marketing Automation,RiteKit
Marketing Automation,Roas Funnels
Marketing Automation,Roof
Marketing Automation,Roojoom
Marketing Automation,Rosana
Marketing Automation,Sales Auotomator
Marketing Automation,SalesWings
Marketing Automation,ScoreApp
Marketing Automation,SeedGrow
Marketing Automation,Send
Marketing Automation,SendHeap
Marketing Automation,Sendlane
Marketing Automation,SendX
Marketing Automation,SEO Samba
Marketing Automation,Setrow
Marketing Automation,Shanon
Marketing Automation,Signalize
Marketing Automation,SimplyCast
Marketing Automation,Smaily
Marketing Automation,Smart Analytics
Marketing Automation,Smartpoint
Marketing Automation,Socedo
Marketing Automation,SocialLadder
Marketing Automation,Sokrati
Marketing Automation,Solitics
Marketing Automation,Spectate
Marketing Automation,Springbig
Marketing Automation,SprintHub
Marketing Automation,SqualoMail
Marketing Automation,Stampede
Marketing Automation,Steer Health
Marketing Automation,Storylane
Marketing Automation,Streamlyne
Marketing Automation,Stylitics
Marketing Automation,SuperBuzz
Marketing Automation,Surfside
Marketing Automation,Swifty
Marketing Automation,Synamate
Marketing Automation,Systeme.io
Marketing Automation,Systems Accel
Marketing Automation,Tagnology
Marketing Automation,Tapstream
Marketing Automation,Text Marketer
Marketing Automation,Textmagic
Marketing Automation,The AdsLab
Marketing Automation,theMarketer
Marketing Automation,ThoughtMetric
Marketing Automation,TIEIT
Marketing Automation,tinyAlbert
Marketing Automation,TITANPush
Marketing Automation,Tolstoy
Marketing Automation,Tomis
Marketing Automation,ToneDen
Marketing Automation,Topline Pro
Marketing Automation,Tracify
Marketing Automation,TrustLock
Marketing Automation,Trustmaker
Marketing Automation,TrustPulse
Marketing Automation,Unipag
Marketing Automation,Upsales
Marketing Automation,UpScale Systems
Marketing Automation,Vaven
Marketing Automation,Verfacto
Marketing Automation,Vimos
Marketing Automation,Vioma
Marketing Automation,Voltn
Marketing Automation,VWO Engage
Marketing Automation,Vyve+
Marketing Automation,Warmly
Marketing Automation,Web4Realty
Marketing Automation,Webinaris
Marketing Automation,Webpushr
Marketing Automation,Wheel of Popups
Marketing Automation,Wheely Sales
Marketing Automation,Wicked Reports
Marketing Automation,Wigzo
Marketing Automation,Wishloop
Marketing Automation,WooChat
Marketing Automation,Woorise
Marketing Automation,Wyng
Marketing Automation,Yeps
Marketing Automation,YouLead
Marketing Automation,Zapnito
Marketing Automation,Zaxaa
Marketing Automation,Zenrez
Marketing Automation,Zeppelin
Marketing Automation,Zevioo
Marketing Automation,Zipleads
Marketing Automation,Acoustic
Marketing Automation,Airship
Marketing Automation,Attentive
Marketing Automation,Batch
Online Testing Platforms,AB Tasty
Online Testing Platforms,Adobe TestAndTarget
Online Testing Platforms,ClickFunnels
Online Testing Platforms,DynamicYield
Online Testing Platforms,Google Surveys
Online Testing Platforms,Google Website Optimizer
Online Testing Platforms,Hiconversion
Online Testing Platforms,Keysight Eggplant
Online Testing Platforms,LeadPages
Online Testing Platforms,LimeSurvey
Online Testing Platforms,Litmus
Online Testing Platforms,Maxymiser
Online Testing Platforms,Maze
Online Testing Platforms,Monetate
Online Testing Platforms,Optimizely
Online Testing Platforms,Optimost
Online Testing Platforms,Qase
Online Testing Platforms,QTest
Online Testing Platforms,Qubit Deliver
Online Testing Platforms,Questionmark
Online Testing Platforms,QuestionPro
Online Testing Platforms,Respondus Monitor
Online Testing Platforms,Saucelabs
Online Testing Platforms,SimplyCast Survey
Online Testing Platforms,Sitespect
Online Testing Platforms,SurveyMonkey Apply
Online Testing Platforms,TestGorilla
Online Testing Platforms,TestLink
Online Testing Platforms,Testmo
Online Testing Platforms,TestRail
Online Testing Platforms,Tricentis qTest
Online Testing Platforms,Unbounce
Online Testing Platforms,Useberry
Online Testing Platforms,Userlytics
Online Testing Platforms,UserTesting
Online Testing Platforms,UserZoom
Online Testing Platforms,Visual Website Optimizer
Online Testing Platforms,Webtrends Optimize
Online Testing Platforms,Wonderlic
Online Testing Platforms,Bringie
Online Testing Platforms,Complianz
Online Testing Platforms,Convert
Online Testing Platforms,Estore Compare
Online Testing Platforms,GrowthBook
Online Testing Platforms,Intelligems
Online Testing Platforms,Intellimize
Online Testing Platforms,Juo
Online Testing Platforms,Neat A/B testing
Online Testing Platforms,Optibase
Online Testing Platforms,Overheat
Online Testing Platforms,Pretty Damn Quick
Online Testing Platforms,RankScience
Online Testing Platforms,Shoplift
Online Testing Platforms,Split Hero
Online Testing Platforms,Trbo
Online Testing Platforms,Trident AB
Online Testing Platforms,Varify
Online Testing Platforms,Vertster
Online Testing Platforms,VisiOpt
Online Testing Platforms,Zoho PageSense
Online Testing Platforms,Browserstack
Online Video Platforms,Azure Media Player
Online Video Platforms,Biteable
Online Video Platforms,Bitmovin
Online Video Platforms,Bits on the Run
Online Video Platforms,BlipTV
Online Video Platforms,Brightcove
Online Video Platforms,Clipchamp
Online Video Platforms,Clipstream
Online Video Platforms,DailyMotion
Online Video Platforms,Eagle Platform
Online Video Platforms,Flowplayer
Online Video Platforms,Fordela
Online Video Platforms,jPlayer
Online Video Platforms,JW Player
Online Video Platforms,Kaltura
Online Video Platforms,Kewego
Online Video Platforms,Kit Digital
Online Video Platforms,Liverail
Online Video Platforms,Magisto
Online Video Platforms,Medallia Video
Online Video Platforms,Mediasilo
Online Video Platforms,MovingImage24
Online Video Platforms,Muvi
Online Video Platforms,Ooyala
Online Video Platforms,Ooyala Flex Media Platform
Online Video Platforms,Pivotshare
Online Video Platforms,Playwire
Online Video Platforms,Quadia
Online Video Platforms,Searchie
Online Video Platforms,Simian
Online Video Platforms,Springboard Video
Online Video Platforms,SublimeVideo
Online Video Platforms,Synthesia
Online Video Platforms,ThePlatform
Online Video Platforms,Tvigle
Online Video Platforms,Twistage
Online Video Platforms,Uscreen
Online Video Platforms,VEED
Online Video Platforms,Vid.ly
Online Video Platforms,Vidcaster
Online Video Platforms,Viddler
Online Video Platforms,VideoJS
Online Video Platforms,Vidyard
Online Video Platforms,Vimeo
Online Video Platforms,Vzaar
Online Video Platforms,WeVideo
Online Video Platforms,Wiredrive
Online Video Platforms,Wirewax
Online Video Platforms,Wistia
Online Video Platforms,YouTube
Online Video Platforms,Zaption
Online Video Platforms,30namaPlayer
Online Video Platforms,Aniview Video Ad Player
Online Video Platforms,Asciinema
Online Video Platforms,Blinklink
Online Video Platforms,Clipara
Online Video Platforms,Cloudflare Stream
Online Video Platforms,Delight XR
Online Video Platforms,DPlayer
Online Video Platforms,Fluid Player
Online Video Platforms,Inplayer
Online Video Platforms,Panda Video
Online Video Platforms,Plyr
Online Video Platforms,Remotion
Online Video Platforms,Ruffle
Online Video Platforms,Rumble
Online Video Platforms,thera-LINK
Online Video Platforms,Twitch Player
Online Video Platforms,Videoly
Online Video Platforms,Videoo.tv
Online Video Platforms,Vidjet
Online Video Platforms,Vidscrip
Online Video Platforms,Vimeo OTT
Online Video Platforms,Widde
Online Video Platforms,TikTok
Other,Mistral AI
Other,Uber for Business
Other,extensis
Other,d4sign
Other,TollBit
Other,5th Finger
Other,A2Z Inc
Other,Abila
Other,Abrigo
Other,AccuWeather
Other,Act!
Other,ADAPT
Other,ADEBiS
Other,Adobe Photoshop Lightroom
Other,AdvancedEHR
Other,ADX Studio
Other,AgileOne
Other,Aha!
Other,AI
Other,Air
Other,Airbase
Other,Alchemer EFM
Other,ALEX
Other,Alexa Certify
Other,Allego
Other,Allscripts
Other,Altas Relaunched
Other,Altium Designer
Other,Amber
Other,Americaneagle
Other,Amex GBT Egencia
Other,Amex GBT Neo
Other,AngelList
Other,Anthropic Claude
Other,AnyLogic
Other,Apollo Apps
Other,Apollo Graph
Other,Apple iLife
Other,Apple Maps
Other,Apple Music
Other,Applied Systems
Other,Aravo
Other,ArcGIS CityEngine
Other,ArcGIS Utility Network
Other,ArcIMS
Other,Aria Systems
Other,Arketa
Other,Arlo
Other,Asite
Other,Astro by Astronomer
Other,Atera
Other,Autodesk BIM 360
Other,Autodesk Fusion
Other,Autodesk Fusion 360
Other,Autodesk Fusion Manage
Other,Availity
Other,Avalara CertCapture
Other,Avetta
Other,Avvo
Other,Backstage
Other,Bayshore Solutions
Other,BEE Pro
Other,Benevity
Other,Bing Maps
Other,Binti
Other,Bird
Other,Blackline
Other,BMC Helix ITSM
Other,BMC Software
Other,Bonfire
Other,Box.net
Other,BulletinMarketing
Other,CallTrackingMetrics
Other,Calyx Point
Other,Sequence Monitor SPF
Other,Canon Vitrea
Other,CAQH ProView
Other,CEMAR
Other,Cemetery Workstation
Other,Chai Research
Other,Chaos Enscape
Other,Checkr
Other,ChemDraw
Other,CINC
Other,Civica
Other,ClearSale
Other,CLO3D
Other,ClubExpress
Other,Clyde
Other,Cobblestone
Other,codebeamer
Other,CoinDesk
Other,Coreg-Feed
Other,Cority Platform
Other,CoStar Connect
Other,CounterTrade Products Inc
Other,Microsoft Project
Other,CPSI
Other,Crunchtime
Other,CSG
Other,CSG Forte
Other,Cursor
Other,cXense
Other,CyberGrants
Other,Dassault SOLIDWORKS
Other,Daxko
Other,D-EDGE
Other,DeepL
Other,Deezer
Other,Deluxe
Other,Dentrix
Other,Descartes Systems
Other,DexMedia
Other,Dice
Other,Diverse Solutions
Other,DocuSign
Other,Donesafe
Other,DoubleVerify
Other,Douyin
Other,DrayTek
Other,DrFirst
Other,DriveWorks
Other,Drone.io
Other,DXS
Other,EasternGraphics
Other,Easyling
Other,Echo
Other,eClinicalWorks
Other,Elliptic
Other,EMaint
Other,eMDs
Other,EMIS Web
Other,eNeighborhoods
Other,Enscape
Other,Epic
Other,Epson
Other,eScription One
Other,Esri
Other,Zoho Creator
Other,Ethereum
Other,Eulerian
Other,ExactOnline
Other,Exponea
Other,Fairing
Other,Silver Plume
Other,FamilyID
Other,Famous
Other,FBWCA-AR
Other,Fedora
Other,Find Law
Other,Firespring
Other,FitBit
Other,Flickr API
Other,Flickr Badge
Other,Flowcode
Other,FMS:Workplace
Other,Foxit
Other,Foxit PDF SDK
Other,Fracttal One
Other,Fry
Other,ftrack
Other,Fujifilm Synapse
Other,Funraise
Other,G5
Other,GameMaker
Other,Gemini
Other,Genesis
Other,Geocortex
Other,Gettyimages
Other,GHX Exchange
Other,Gigya Registration
Other,GiveGab
Other,Glia
Other,Glide
Other,GLPI
Other,Google Checkout
Other,Google Maps
Other,Google Maps (Non Paid Users)
Other,Google Maps (Paid Users)
Other,Google Places
Other,Greenway Health
Other,greyscale - black
Other,greyscale - grey
Other,greyscale - white
Other,GrowthZone
Other,GWI
Other,Headway
Other,Homeadvisor
Other,Homebot
Other,Honeybadger
Other,Horoquartz eTemptation
Other,HotDocs
Other,HREF Lang
Other,IBM CICS Transaction Server
Other,IBM i on Power Systems
Other,Icertis Contract Management Software
Other,ICP
Other,iHomeFinder
Other,ImageJ
Other,Imgix
Other,Influitive
Other,Inkling
Other,InnoSoft Fusion
Other,Intelerad
Other,Intelex
Other,IntelliAd
Other,InterSystems HealthShare
Other,InterSystems TrakCare
Other,InTouch
Other,IoT
Other,Itron
Other,iubenda
Other,Jackson Walker
Other,Jaggaer
Other,Jama Connect for Requirements Management
Other,Karbon
Other,KeyShot
Other,KIDICAP
Other,Kimbia
Other,Kount
Other,Kronos FMSI
Other,LabVantage
Other,LabWare LIMS
Other,Lattice
Other,Learnable
Other,Linux OS
Other,LibreOffice
Other,Lighthouse 360
Other,Linga rOS
Other,Linkedin Widget
Other,LinkSquares
Other,ListFinder
Other,Locu
Other,Loggly
Other,Lyra Health
Other,Mainsaver
Other,ManageEngine
Other,Map Quest
Other,Mapbox
Other,Matterport
Other,Mavenlink
Other,MEDENT
Other,MEDHOST
Other,MediSYS
Other,MEDITECH EHR
Other,Meditech Expanse
Other,Medius
Other,Medrio EDC
Other,MegaLeads
Other,Memberful
Other,MemberLeap
Other,MemberMouse
Other,Mend
Other,Mercell
Other,MercuryGate TMS
Other,Metamask
Other,Micro
Other,Data Storage
Other,Microsoft Language Understanding Intelligent Service
Other,MIDAS
Other,Midjourney
Other,Mobile Friendly
Other,MobileCause
Other,Modernizing Medicine
Other,MotionPoint
Other,mParticle
Other,myCWT
Other,myosh Safety
Other,NASA
Other,Navan
Other,Navattic
Other,NAVEX Global
Other,NetBox
Other,NetForum
Other,Netsmart myAvatar
Other,Newforma Project Center
Other,Nextech EMR
Other,NextGen Healthcare
Other,Nexus Repository Manager
Other,Nexus Systems
Other,NICE
Other,Nitro PDF
Other,Nitrogen
Other,Northstar
Other,nRelate
Other,Nuance
Other,Office Practicum
Other,Onswipe
Other,Open Dental
Other,Open Neural Network Exchange
Other,OpenClinica
Other,OpenGov Procurement
Other,OpenStreetMap
Other,OpenText Project and Portfolio Management
Other,OpenVMS
Other,Optimal Blue
Other,Oracle Primavera Unifier
Other,Oracle Solaris
Other,Orchard Software
Other,Paczkomaty
Other,PageUp
Other,PandaDoc
Other,Parityrate
Other,PastPerfect
Other,PDS Vista
Other,Personify Health
Other,Pet Exec
Other,Photon
Other,Piano.io
Other,Planview PPM Pro
Other,PlayReady
Other,Pleo
Other,Polarion
Other,PolicyTech
Other,Polygon
Other,Posit
Other,Posit Connect
Other,PostAffiliatePro
Other,Postman
Other,Postscript
Other,PowerSchool
Other,Predictry
Other,Privy
Other,Proactis Rego
Other,Productboard
Other,Provesource
Other,Purecars
Other,Pushnami
Other,QGIS
Other,QT9 QMS
Other,Qualia
Other,QuoteValet
Other,Raintree Systems
Other,Rambler
Other,Raptive
Other,REACH
Other,RecTrac
Other,Redmine
Other,ReDoc
Other,Relativity
Other,Replicon
Other,Resi
Other,Resin
Other,Rise Vision
Other,RL Suite
Other,Roadmunk by Tempo
Other,RouteOne
Other,Rydoo
Other,Sajax System
Other,Samsara
Other,Sapo
Other,Sciforma
Other,Sectra PACS
Other,Seismic Content
Other,Semaphore
Other,Service2 Client
Other,SHL
Other,Shopsense
Other,ShotGrid
Other,Shutterstock
Other,SignNow
Other,Silae
Other,Simple Machines
Other,SIMUL8
Other,Singular
Other,SKOS
Other,SmartBid
Other,Smartling
Other,smartURL
Other,Smore
Other,Snowbound
Other,Software AG
Other,Sonatype Nexus Repository
Other,Sophos Email
Other,SoundCloud
Other,Sourcepoint Dialogue
Other,Spayee
Other,Spiceworks
Other,Split by Harness
Other,Spotify
Other,Stackshare
Other,Stampli
Other,Starfish
Other,STARLIMS
Other,Steepto
Other,Stoplight
Other,StructuredWeb
Other,SurveyCTO
Other,SwaggerHub
Other,Swile
Other,symplr
Other,T24
Other,Tamarac
Other,Tapcheck
Other,tarteaucitron
Other,Tenstreet
Other,Terminus
Other,Tessitura
Other,Thrive EHR
Other,Thunderhead
Other,Tidal
Other,Times Software
Other,Tinkercad
Other,TinyURL
Other,Toast
Other,Trail Blazer Non-Profit Manager
Other,Trakstar
Other,Transifex
Other,Trapeze Software
Other,Treasure
Other,Trialfire
Other,Tribe Community Platform
Other,Trivago
Other,Tungsten Network
Other,Twinmotion
Other,Unity 3D Web Player
Other,Unix
Other,Unmind
Other,Unqork
Other,Upland Second Street
Other,Upland Software
Other,UserWay
Other,Accredible
Other,VelocityEHS Accelerate | EHS & ESG
Other,Veradigm EHR
Other,VetScene
Other,Virgin Pulse
Other,Virtual Spirits
Other,Visual LANSA
Other,Vizergy
Other,Websystem2/3
Other,VTScada
Other,Watermark
Other,Waystar
Other,web3
Other,WebMD
Other,webMethods ApplinX
Other,Webware.io
Other,Weforum
Other,"Welligent, Part of ContinuumCloud"
Other,what3words
Other,Wix TINT
Other,Wolfnet
Other,Wolters Kluwer
Other,Workamajig
Other,Wunderground
Other,Xceligent
Other,Xenforo
Other,Xplor Recreation
Other,Yandex
Other,YourCause
Other,YouTrack
Other,YSoft SAFEQ
Other,Zephyr Enterprise
Other,Zywave
Other,Gravitec.net
Other,2B Advice
Other,<model-viewer>
Other,Acconsento.click
Other,Acquia Cloud IDE
Other,Acquia Content Hub
Other,Admiral
Other,Adobe GoLive
Other,AdOpt
Other,Alfright
Other,AlmaLinux
Other,Alpine Linux
Other,Amaya
Other,AnnounceKit
Other,API Spreadsheets
Other,Apiary
Other,Appifiny
Other,Appwrite
Other,Asciidoctor
Other,AskHandle
Other,Ausha
Other,Axeptio
Other,AzuraCast
Other,Azure Edge Network
Other,BannerBoo
Other,Bazaarvoice Curation
Other,Beehiiv RSS feed
Other,BigDataCloud IP Geolocation
Other,BigPoint
Other,biskoui
Other,Bluefish
Other,BookStack
Other,Bullseye
Other,Bump
Other,Buy with Prime
Other,Byscuit
Other,Canopy Connect
Other,Cardina
Other,CargoServer
Other,cgit
Other,Chaser
Other,CheerPJ
Other,Clarifai
Other,Clarip
Other,ClickHelp
Other,clickio
Other,ClickOnce
Other,Clinked
Other,Clockwork
Other,Clym
Other,Coinhave
Other,CoinHive
Other,Coinimp
Other,Commanders Act TrustCommander
Other,Construct 3
Other,ContentGems
Other,Contents
Other,ContentStudio
Other,Conversant Consent Tool
Other,ConveyThis
Other,Conword
Other,Cookie Control
Other,Cookie Script
Other,Cookie Seal
Other,CookieBAR
Other,Cookiebot
Other,CookieFirst
Other,CookieHub
Other,CopyPoison
Other,Crypto-Loot
Other,Cybot
Other,Cylindo
Other,Darwin
Other,db-ip
Other,DeepAR
Other,deepMiner
Other,Developing Azerbaijan
Other,Didomi
Other,Dimml
Other,DocFX
Other,Doctave
Other,Douban
Other,Doxygen
Other,Draft.js
Other,DressOn
Other,EditPlus
Other,Emplifi UGC
Other,eNamad
Other,Engintron
Other,Enzuzo
Other,EPrints
Other,eucookie.eu
Other,Expivi
Other,Featurebase
Other,FintechOS
Other,Fittingbox
Other,FlagSmith
Other,Forgejo
Other,FormWise
Other,Freedom Farmers
Other,Furo
Other,genezio
Other,Gentoo
Other,Geo Targetly
Other,Geobytes
Other,GetTerms
Other,GitBook
Other,Gitea
Other,Gitiles
Other,gitlist
Other,gitweb
Other,Gogs
Other,Grain Harvest
Other,h5ai
Other,Haddock
Other,Hansel
Other,HarborByte
Other,Hearth
Other,HelpDocs
Other,Hexia
Other,Hirschmann HiOS
Other,HTTP/2
Other,HubSpot Cookie Policy Banner
Other,IconScout
Other,Impero
Other,Infinity
Other,Intervo
Other,ipify
Other,IPinfo
Other,iWeb
Other,JSEcoin
Other,Juicer
Other,K2
Other,Ketch
Other,Klangoo
Other,Klaviyo Customer Hub
Other,Koha
Other,Kubernetes Dashboard
Other,Kuroco
Other,LaunchNotes
Other,Legal Monster
Other,Libravatar
Other,Line-Up
Other,Linguise
Other,LiveRamp PCM
Other,Loop Web
Other,LottieFiles
Other,LOU
Other,Luna
Other,Magewire
Other,Manula
Other,MapTrack
Other,MarsX
Other,mdBook
Other,Mentaya
Other,Meticular
Other,Metomic
Other,Miappi
Other,MichiJS
Other,Minero.cc
Other,Minerstat
Other,MkDocs
Other,mod_auth_pam
Other,mod_dav
Other,mod_fastcgi
Other,mod_jk
Other,mod_perl
Other,mod_python
Other,mod_rack
Other,mod_rails
Other,mod_ssl
Other,mod_wsgi
Other,Modelo
Other,ModiFace
Other,Module Federation
Other,Moon Organizer
Other,MoverBase
Other,MsCode.pl
Other,My Agile Privacy
Other,MyPersonas
Other,Natural Intelligence
Other,NewStore
Other,Nido Tecnologia
Other,Nogin
Other,nopStation
Other,Normi
Other,Nosto Visual UGC
Other,Noticeable
Other,Obsidian Publish
Other,Octipulse
Other,Olvy
Other,Open Graph
Other,Open Journal Systems
Other,OpenGrok
Other,Oracle Dynamic Monitoring Service
Other,Overwolf
Other,Paperless Pipeline
Other,PDF.js
Other,Perfect Corp
Other,petite-vue
Other,PHPDebugBar
Other,phpDocumentor
Other,PieEye
Other,Pixc
Other,Planet
Other,Pluglin
Other,Poper
Other,Popper
Other,Porch
Other,Postman API Documentation
Other,Prime AI
Other,Prisme
Other,Privado
Other,Privasee
Other,ProductDyno
Other,PubTech
Other,PWA
Other,PyData Sphinx Theme
Other,Pygments
Other,PyScript
Other,Quantcast Choice
Other,Radar
Other,Raneto
Other,Raspbian
Other,Rcode Vision
Other,RDoc
Other,Read the Docs
Other,Recurate
Other,ReSpec
Other,RobixCM DV Team
Other,RobixCM Generator
Other,Rock Content
Other,Rspack
Other,Sardius Media
Other,Scalar
Other,ScapBot
Other,Scientific Linux
Other,Sedna System
Other,Seers
Other,Segment Consent Manager
Other,Sentara
Other,Sharper MMS
Other,Sheety
Other,Shelf
Other,SightCall
Other,Slidebean
Other,SnapSea
Other,snigel AdConsent
Other,Sniply
Other,SOBI 2
Other,SobiPro
Other,Sourcepoint
Other,Spatie Laravel Cookie Consent
Other,SPDY
Other,Speca
Other,Sphinx
Other,Spicy Rocket
Other,Splunkd
Other,Spotify Web API
Other,Stammer.ai
Other,Starlight
Other,StoreRocket
Other,StoryStream
Other,Summernote
Other,SunOS
Other,Sverve
Other,SWFObject
Other,SyntaxHighlighter
Other,T1 Comercios
Other,Tealium Consent Management
Other,TechTarget
Other,Termly
Other,Thinkstack
Other,Threadles
Other,Thridify
Other,Tiptap
Other,TocToc
Other,Toky
Other,Track Hospitality Software
Other,Tramoce
Other,TripIt
Other,TRUENDO
Other,Tryzens
Other,TypeDoc
Other,Typeflo
Other,Uniconsent
Other,Upscope
Other,Upvoty
Other,Userflow
Other,Vectary
Other,Venly
Other,VeraSafe
Other,Virtooal
Other,Visible Privacy
Other,Vntana
Other,Vue2-animate
Other,Waste Connections
Other,Weatherstack
Other,Weblate
Other,Webmin
Other,Websocket
Other,Weekdone
Other,Weglot
Other,WeltPixel Pearl Theme
Other,Wiki.js
Other,Windows CE
Other,WordPress Project Manager
Other,X-Clacks-Overhead
Other,Yett
Other,YouCam Makeup
Other,YourGPT
Other,YUI Doc
Other,YunoHost
Other,Zensical
Other,Zieny
Other,Pixlee TurnTo
Other,Microsoft Windows
Financial Software,Abrigo Sageworks
Financial Software,Addepar
Financial Software,Alkami
Financial Software,athenahealth Revenue Cycle Services
Financial Software,Billtrust
Financial Software,Sage 300
Financial Software,BlackLine Invoice-to-Cash
Financial Software,Broadridge
Financial Software,Cadency by Trintech
Financial Software,Cashfree
Financial Software,Workday Financial
Financial Software,Chrome River Invoice
Financial Software,Circle
Financial Software,Clear Books
Financial Software,Concur Expense
Financial Software,CreditLens
Financial Software,DATEV Accounting
Financial Software,Dext
Financial Software,Drake Tax
Financial Software,Emburse
Financial Software,Emburse Expense Professional
Financial Software,Emburse Nexonia
Financial Software,Envestnet
Financial Software,Equity Edge Online
Financial Software,Expensify
Financial Software,FactSet
Financial Software,Finacle
Financial Software,FinFit
Financial Software,FIS
Financial Software,FIS Relius
Financial Software,Fiserv DNA
Financial Software,FreeAgent
Financial Software,HighRadius
Financial Software,ICE Mortgage
Financial Software,Infor CloudSuite Financials
Financial Software,InvestCloud Blue
Financial Software,IRESS
Financial Software,Jack Henry & Associates
Financial Software,Kyriba
Financial Software,MeridianLink Mortgage
Financial Software,MetaTrader 5
Financial Software,MineralTree
Financial Software,Morningstar Office
Financial Software,Myob
Financial Software,OANDA Corporation
Financial Software,Orion Advisor Tech
Financial Software,Paytm
Financial Software,ProfitStars
Financial Software,Quadient Accounts Payable Automation by Beanworks
Financial Software,Questica Budget Suite
Financial Software,QuickBooks
Financial Software,Quickbooks Desktop
Financial Software,Razorpay
Financial Software,Salary Finance
Financial Software,Shareworks by Morgan Stanley
Financial Software,Solidity Finance
Financial Software,SpendMap
Financial Software,SS&C
Financial Software,Temenos Infinity
Financial Software,Temenos Quantum
Financial Software,Thomson Reuters
Financial Software,TransferWise
Financial Software,WageWorks
Financial Software,Wave Accounting
Financial Software,Wolters Kluwer Commerce Clearing House
Financial Software,YayPay
Financial Software,Akaunting
Financial Software,Ignition
Financial Software,Lendi
Financial Software,Liscio
Financial Software,Tiller
Financial Software,Harvest
Financial Software,Encompass
Financial Software,Avalara
Financial Software,blend
Financial Software,Carta
Financial Software,Certify
Financial Software,Concur
Financial Software,Ramp
Financial Software,Xero
Financial Software,Fixer
Property Management Software,Accruent
Property Management Software,Accruent EMS
Property Management Software,Agilysys
Property Management Software,Amadeus Hospitality
Property Management Software,Apartments247
Property Management Software,Appfolio
Property Management Software,Archibus
Property Management Software,Axis
Property Management Software,Building Engines
Property Management Software,BuildingLink
Property Management Software,Buildium
Property Management Software,Rent Cafe
Property Management Software,Bubble.io
Property Management Software,Cloudbeds
Property Management Software,dotloop
Property Management Software,Entrata
Property Management Software,eviivo suite
Property Management Software,FacilitySource
Property Management Software,Guestline
Property Management Software,Guesty
Property Management Software,IBM TRIRIGA Application Suite
Property Management Software,Infor HMS
Property Management Software,Juniper Square
Property Management Software,Knock CRM
Property Management Software,Kroll PMS
Property Management Software,Lodgix.com
Property Management Software,Lone Wolf Real Estate
Property Management Software,Maestro PMS
Property Management Software,Mews
Property Management Software,MRI Software
Property Management Software,Nexudus
Property Management Software,onOffice
Property Management Software,Oracle Hospitality Suite8
Property Management Software,Planon
Property Management Software,PointClickCare Senior Living Platform
Property Management Software,Promas
Property Management Software,Propertyware
Property Management Software,Realpage
Property Management Software,RealScout
Property Management Software,RMS Hospitality Cloud
Property Management Software,roomMaster by innQuest
Property Management Software,Sabre Hospitality
Property Management Software,StarRez
Property Management Software,Tenant Turner
Property Management Software,VTS Platform
Property Management Software,Yardi
Property Management Software,Rent Manager
Property Management Software,Yardi Breeze
Property Management Software,Yardi Commercial Suite
Property Management Software,Yardi RENTCafe
Property Management Software,Yardi Voyager
Property Management Software,Zillow
Payments,2Checkout
Payments,Adyen
Payments,Affirm
Payments,Afterpay
Payments,Airwallex
Payments,Alipay
Payments,Amazon Pay
Payments,Amazon Pay for Business
Payments,American Express
Payments,Apple Pay
Payments,Apple Pay for merchants
Payments,Authorize.NET
Payments,Avangate
Payments,AvidXchange
Payments,Balanced
Payments,BILL
Payments,BillMeLater
Payments,Binance
Payments,BitPay
Payments,BlueSnap
Payments,Braintree
Payments,Bread
Payments,Broadcom Payment Security
Payments,Cash App
Payments,CCBill
Payments,Chargebee
Payments,checkout.com
Payments,Cleeng
Payments,Clover
Payments,Coinbase Wallet
Payments,Corpay
Payments,Cybersource
Payments,Deel
Payments,Digital River
Payments,Dogecoin
Payments,Donately
Payments,Dwolla
Payments,FastSpring
Payments,Fiserv
Payments,Flattr
Payments,Flutterwave
Payments,Flywire
Payments,Freshbooks
Payments,GoCardless
Payments,Google Wallet
Payments,Heartland Payments+
Payments,Ingenico ePayments
Payments,InstaMed
Payments,Klarna
Payments,MasterPass
Payments,Maxio
Payments,Mollie
Payments,MPP-Global
Payments,Naver Pay
Payments,Paddle
Payments,Pagar.me
Payments,Paychex
Payments,Payeezy
Payments,Paylocity
Payments,Payoneer
Payments,Paypal
Payments,PayPal Credit
Payments,PayPal Payments
Payments,PaySimple
Payments,PayU
Payments,Plaid
Payments,Plooto
Payments,Pushpay
Payments,QuadPay
Payments,Quickbooks Online
Payments,Rapyd
Payments,Recharge Payments
Payments,Recurly
Payments,Recurly JS
Payments,RentPayment from MRI Software
Payments,Sage Pay
Payments,Sertifi
Payments,Sezzle
Payments,Silae Paie
Payments,Splitit
Payments,Spreedly
Payments,Square Payments
Payments,Square POS
Payments,Stax
Payments,Stripe
Payments,Stripe Billing
Payments,Stripe Connect
Payments,Stripe Payments
Payments,Stripe Terminal
Payments,Taulia
Payments,Tipalti
Payments,TrialPay
Payments,TSYS
Payments,Uniswap
Payments,Venmo
Payments,Versapay
Payments,Vindicia
Payments,Visa
Payments,Visa Checkout
Payments,WalletConnect
Payments,WebPay
Payments,WePay
Payments,World Pay
Payments,Zombaio
Payments,Zuora
Payments,ActBlue
Payments,Addi
Payments,AlumnIQ
Payments,Amex Express Checkout
Payments,Apxium
Payments,Arreva
Payments,Atome
Payments,Auxilia
Payments,BackerKit
Payments,Barion
Payments,Binance Pay
Payments,Bitcoin
Payments,Blackbaud CRM
Payments,Bolt Payments
Payments,Bontii
Payments,Bootpay
Payments,BridgerPay
Payments,Briqpay
Payments,BRYNK
Payments,cashew
Payments,ChargeAfter
Payments,Chatt
Payments,CitrusPay
Payments,Click & Pledge
Payments,Coinbase Commerce
Payments,Community Funded
Payments,Conekta
Payments,Culqi
Payments,CustomDonations
Payments,Deko
Payments,DivideBuy
Payments,Divido
Payments,Donorbox
Payments,doxo
Payments,eWAY Payments
Payments,Facebook Pay
Payments,Fat Zebra
Payments,Feroot
Payments,FinConnect
Payments,Flip-Pay
Payments,Four
Payments,Frontstream
Payments,Fundraise Up
Payments,FundRazr
Payments,GiveSmart
Payments,GiveWP
Payments,GivingFuel
Payments,Golden Volunteer
Payments,Google Pay
Payments,Grab Pay Later
Payments,HeyLight
Payments,HiPay
Payments,hoolah
Payments,Humm
Payments,Iamport
Payments,iRaiser
Payments,jQuery Payment
Payments,JUST
Payments,Kiva
Payments,Klarna Checkout
Payments,Klasha
Payments,KueskiPay
Payments,Laterpay
Payments,LatitudePay
Payments,LawPay
Payments,LayBuy
Payments,LayUp
Payments,Liberapay
Payments,Limepay
Payments,Mastercard
Payments,MemberSpace
Payments,Midtrans
Payments,MineLabz donations
Payments,MiniBC
Payments,Mintpay
Payments,mobicred
Payments,Mokka
Payments,Mul-Pay
Payments,Network for Good
Payments,Omise
Payments,OneCause
Payments,Oney
Payments,OpenPay
Payments,Optimy
Payments,Pace
Payments,Pagolight
Payments,Paidy
Payments,Partial.ly
Payments,Pay It Later
Payments,PayBright
Payments,Paycove
Payments,Paydock
Payments,PayFast
Payments,Payflex
Payments,PayHere
Payments,PayJustNow
Payments,Payl8r
Payments,Paymattic
Payments,Paymentus
Payments,Payrexx
Payments,Paysafe
Payments,Paysera
Payments,PAYTR
Payments,Payva
Payments,PCI Proxy
Payments,Pelcro
Payments,Pesapal
Payments,Pin Payments
Payments,Plenigo
Payments,Postpay
Payments,PowerPay
Payments,Prive
Payments,ProcessOut
Payments,Prommt
Payments,Prospa
Payments,Qgiv
Payments,RaiseDonors
Payments,Resupply
Payments,RevCent
Payments,Revv
Payments,Scalapay
Payments,SeQura
Payments,Service Provider Pro
Payments,Shop Pay
Payments,Shop Pay Installments
Payments,Shoppable
Payments,SkyVerge
Payments,Sogecommerce
Payments,Soisy
Payments,SplittyPay
Payments,Spotii
Payments,SpotOn
Payments,SpurIT Partial Payments App
Payments,SpurIT Recurring Payments App
Payments,Stage Try
Payments,T1 Pagos
Payments,Tabby
Payments,Tamago
Payments,Tamara
Payments,Tap Payments
Payments,Thrinacia
Payments,TNS Payments
Payments,TryNow
Payments,Twingle
Payments,Vanco Payment Solutions
Payments,ViaBill
Payments,Voltage
Payments,Wallkit
Payments,WayForPay
Payments,Wirecard
Payments,Wizpay
Payments,Wyre
Payments,Xpresslane
Payments,Xsolla
Payments,Yapla
Payments,Yever
Payments,YooMoney
Payments,Yuno
Payments,ZoodPay
Payments,Square
Payments,Balance
Payments,Zip
Personalization,Acquia Optimize
Personalization,Adobe Target
Personalization,Amadesa
Personalization,Amazon Personalize
Personalization,Baynote
Personalization,Certona
Personalization,Commerce Sciences
Personalization,CrowdIgnite
Personalization,edrone
Personalization,Findologic
Personalization,Google Optimize
Personalization,iGoDigital
Personalization,Kameleoon
Personalization,Lead Converter
Personalization,Monoloop
Personalization,MyBuys
Personalization,Optimizely Personalization
Personalization,PathFactory
Personalization,Peerius
Personalization,Personyze
Personalization,Piano.io DMP
Personalization,RetailRocket
Personalization,RichRelevance
Personalization,Sailthru
Personalization,Salesforce Marketing Cloud Personalization
Personalization,SeeWhy
Personalization,Segmentify
Personalization,Strands Retail
Personalization,Vertical Acuity
Personalization,Wunderkind
Personalization,4-Tell
Personalization,Adaptix
Personalization,Adnymics
Personalization,Apptus
Personalization,Beyable
Personalization,bluebarry
Personalization,Bounce Commerce
Personalization,BrainSINS
Personalization,Cartful
Personalization,Clerk.io
Personalization,Clinch
Personalization,CloudEngage
Personalization,Clubcast
Personalization,Combeenation
Personalization,Connectif
Personalization,ConvertBox
Personalization,Crall
Personalization,CREMA
Personalization,Cross Sell
Personalization,Customily
Personalization,Dapta
Personalization,Darwin Pricing
Personalization,Depict
Personalization,Drapr
Personalization,DreamROI
Personalization,Epoq
Personalization,Fit Analytics
Personalization,Fitizzy
Personalization,Fitle
Personalization,Fresh Relevance
Personalization,Groobee
Personalization,Hello Retail
Personalization,HulkApps Infinite Product Options
Personalization,Jeeng
Personalization,Jivox
Personalization,Jubna
Personalization,Kaisa
Personalization,Kibo Personalization
Personalization,Kiwi Sizing
Personalization,LiftIgniter
Personalization,LimeSpot
Personalization,Lumise
Personalization,Mezereon
Personalization,Navu
Personalization,Nuqlium
Personalization,Outfindo
Personalization,Ownpage
Personalization,PageNudge
Personalization,ParticularAudience
Personalization,PersonaClick
Personalization,Personizely
Personalization,Perzonalization
Personalization,Poloriz
Personalization,Potions
Personalization,Prediggo
Personalization,Preezie
Personalization,Primeleads
Personalization,Printful
Personalization,Printlane
Personalization,Prooven
Personalization,PureClarity
Personalization,Qstomizer
Personalization,Qubit
Personalization,Raptor
Personalization,RecoverMyCart
Personalization,Reelevant
Personalization,Relewise
Personalization,RevLifter
Personalization,RightMessage
Personalization,Rokt
Personalization,Rtoaster
Personalization,Ryzeo
Personalization,SalesFire
Personalization,Sendpad
Personalization,Shoefitr.io
Personalization,Shopbox AI
Personalization,SizeMe
Personalization,SmartHint
Personalization,Storyly
Personalization,Streamoid
Personalization,StrutFit
Personalization,Systema
Personalization,Syte
Personalization,Tagalys
Personalization,Target2Sell
Personalization,Teeinblue
Personalization,Things Solver
Personalization,Trendemon
Personalization,Triggerbee
Personalization,True Fit
Personalization,Twik
Personalization,Usizy
Personalization,VerifyPress
Personalization,Virtusize
Personalization,Visitor.js
Personalization,Vue.ai
Personalization,Wair
Personalization,Webeo
Personalization,Webyn
Personalization,Wiqhit
Personalization,WiserNotify
Personalization,Wishi
Personalization,XGen Ai
Personalization,Chameleon
Publisher Advertising Tools,Ad Unit 160 x 600
Publisher Advertising Tools,Ad Unit 300 x 250
Publisher Advertising Tools,Ad Unit 300 x 600
Publisher Advertising Tools,Ad Unit 728 x 90
Publisher Advertising Tools,Adition Technologies - Publishers
Publisher Advertising Tools,AdsNative
Publisher Advertising Tools,AdSupply
Publisher Advertising Tools,AudienceFuel
Publisher Advertising Tools,BuySellAds
Publisher Advertising Tools,Contently
Publisher Advertising Tools,Criteo Publisher Marketplace
Publisher Advertising Tools,DTScout
Publisher Advertising Tools,Google Publisher Tag
Publisher Advertising Tools,Hexagram Exchange
Publisher Advertising Tools,Komoona
Publisher Advertising Tools,Luminate
Publisher Advertising Tools,MadAdsMedia
Publisher Advertising Tools,Madgex
Publisher Advertising Tools,Media.net
Publisher Advertising Tools,Nativo
Publisher Advertising Tools,NetSeer
Publisher Advertising Tools,OpenX - Exchange
Publisher Advertising Tools,Parse.ly
Publisher Advertising Tools,Polar
Publisher Advertising Tools,Scout Analytics
Publisher Advertising Tools,Seedtag
Publisher Advertising Tools,Sharethrough
Publisher Advertising Tools,Sovrn
Publisher Advertising Tools,Switch Ads
Publisher Advertising Tools,Thoughtleadr
Publisher Advertising Tools,Tynt
Publisher Advertising Tools,Funding Choices
Recruitment,AcquireTM
Recruitment,ADP Applicant Tracking System
Recruitment,ADP Workforce Now
Recruitment,Appcast
Recruitment,Applicant Pro
Recruitment,ApplicantStack
Recruitment,Ascendify
Recruitment,ATS OnDemand
Recruitment,Avature
Recruitment,Avionte
Recruitment,BambooHR
Recruitment,Beamery
Recruitment,Bond Adapt
Recruitment,BrightMove
Recruitment,Bullhorn
Recruitment,Bullhorn Connexys ATS
Recruitment,CareerBuilder Talent Network
Recruitment,CareerPlug
Recruitment,Ceipal ATS
Recruitment,Comeet
Recruitment,Compas
Recruitment,Cornerstone On Demand
Recruitment,Crelate
Recruitment,Employease
Recruitment,eRecruit
Recruitment,Findly
Recruitment,Flatchr
Recruitment,Gethired
Recruitment,Gild
Recruitment,Gupy
Recruitment,Hire by WorkWave
Recruitment,HireBridge
Recruitment,hireEZ
Recruitment,Hireology
Recruitment,HireVue
Recruitment,HR Logix
Recruitment,HRMDirect
Recruitment,HRSmart
Recruitment,Hyrell
Recruitment,IBM Kenexa Talent Acquisition Suite
Recruitment,IBM Watson Candidate Assistant
Recruitment,iCIMS
Recruitment,iCIMS Recruit
Recruitment,Indeed for Employers
Recruitment,Indeed Resume
Recruitment,Indeed Sponsored Ads
Recruitment,Infor (PeopleAnswers)
Recruitment,Interviewstream
Recruitment,JobAdder
Recruitment,JobApp
Recruitment,JobDiva
Recruitment,Jobscore
Recruitment,Jobvite
Recruitment,Jobylon
Recruitment,Kwantek
Recruitment,Lever
Recruitment,Luceo
Recruitment,Lumesse
Recruitment,Modern Hire
Recruitment,Monster
Recruitment,myStaffingPro
Recruitment,myTalentLink
Recruitment,Newton Software
Recruitment,PC Recruiter
Recruitment,People Matter
Recruitment,PeopleFluent
Recruitment,PowerToFly
Recruitment,Recruitee
Recruitment,Recruiterbox
Recruitment,Recruitology
Recruitment,ResumeWare
Recruitment,SAP SuccessFactors Recruiting
Recruitment,Sendouts
Recruitment,SilkRoad
Recruitment,SmartRecruiters
Recruitment,SmashFly
Recruitment,Spark Hire
Recruitment,Symphony Talent
Recruitment,Talemetry
Recruitment,TalentReef
Recruitment,Taleo
Recruitment,The Applicant Manager
Recruitment,TMP Worldwide
Recruitment,TrackerRMS
Recruitment,UKG Pro Recruiting
Recruitment,Umantis
Recruitment,Vacancy Filler Recruitment
Recruitment,Veritone Hire Job Distribution
Recruitment,Vincere
Recruitment,Winocular
Recruitment,Workable
Recruitment,Workday Recruit
Recruitment,Workday Recruiting
Recruitment,WP Job Manager
Recruitment,ZipRecruiter
Recruitment,Zoho Recruit
Recruitment,Agorize
Recruitment,Converzee
Recruitment,Dover
Recruitment,DreamApply
Recruitment,Flip
Recruitment,Getro
Recruitment,HigherMe HR
Recruitment,HrFlow.ai
Recruitment,JBoard
Recruitment,Job Board Fire
Recruitment,JobberBase
Recruitment,Jobiqo
Recruitment,Matchlab
Recruitment,Membership Toolkit
Recruitment,Mercer
Recruitment,Naukri
Recruitment,Nexxt
Recruitment,onlyfy Application Manager
Recruitment,Phenom
Recruitment,POINT
Recruitment,Radancy
Recruitment,Recooty Job Widget
Recruitment,Recruition
Recruitment,Refari
Recruitment,Signals
Recruitment,SnapHop
Recruitment,Talent Clue
Recruitment,TalentBrew
Recruitment,Talention
Recruitment,uKnowva
Recruitment,Webscribble
Recruitment,Zwayam
Recruitment,CareerBuilder
Recruitment,CATS
Recruitment,Greenhouse
Recruitment,Indeed
Recruitment,Paradox
Reservation Software,Bookassist
Reservation Software,BookaTable
Reservation Software,Bookenda
Reservation Software,Checkfront
Reservation Software,Demandforce Scheduler Widget
Reservation Software,Ebisol
Reservation Software,Eveve
Reservation Software,FastBooking
Reservation Software,Hotel Spider
Reservation Software,iHotelier
Reservation Software,Livebookings
Reservation Software,NexTable
Reservation Software,Office 24
Reservation Software,Opentable
Reservation Software,OpenTable for Restaurants
Reservation Software,Quandoo
Reservation Software,ResDiary
Reservation Software,Reservit
Reservation Software,RestaurantConnect
Reservation Software,Restorando
Reservation Software,Roomkey
Reservation Software,SeatMe
Reservation Software,SevenRooms
Reservation Software,Simplebooking
Reservation Software,Table 37
Reservation Software,TableCheck
Reservation Software,Travelport GDS
Reservation Software,Tripleseat
Reservation Software,Aspio
Reservation Software,BedBooking
Reservation Software,Bobonus
Reservation Software,BokaBord
Reservation Software,BookDinners
Reservation Software,Booking Experts
Reservation Software,Booking Factory
Reservation Software,Bookteq
Reservation Software,Bottle
Reservation Software,Clock PMS
Reservation Software,Clorder
Reservation Software,CoverManager
Reservation Software,Cubilis
Reservation Software,DISH
Reservation Software,Easy Rez
Reservation Software,Eatself
Reservation Software,EatStreet
Reservation Software,Elina PMS
Reservation Software,Findigs
Reservation Software,Firefly Reservations
Reservation Software,Fleksa
Reservation Software,Flipdish
Reservation Software,FoodBooking
Reservation Software,Foratable
Reservation Software,Formitable
Reservation Software,Funbutler Booking
Reservation Software,Gastronaut
Reservation Software,GlobRes
Reservation Software,Growcer
Reservation Software,Guestonline
Reservation Software,HomHero
Reservation Software,Hostmeapp
Reservation Software,KoobCamp
Reservation Software,Kross Booking
Reservation Software,LobbyPMS
Reservation Software,Lodgify
Reservation Software,Loopi
Reservation Software,Lumit
Reservation Software,Maxxton
Reservation Software,Menufy Online Ordering
Reservation Software,Menuu
Reservation Software,MyRest
Reservation Software,Namastay
Reservation Software,Octorate
Reservation Software,Oddle
Reservation Software,Overfull
Reservation Software,ParkFlow
Reservation Software,Planyo
Reservation Software,Reconline
Reservation Software,Resengo
Reservation Software,Reservio
Reservation Software,Resmio
Reservation Software,Resy
Reservation Software,Revinate
Reservation Software,Roompot
Reservation Software,Simplotel
Reservation Software,Skiperformance
Reservation Software,Straiv
Reservation Software,TableBooker
Reservation Software,TableFever
Reservation Software,Tableo
Reservation Software,Tashi
Reservation Software,Thefork
Reservation Software,TourCMS
Reservation Software,Travello
Reservation Software,Triptease
Reservation Software,Typo 00
Reservation Software,Uplisting
Reservation Software,Ureserv
Reservation Software,Vacation Labs
Reservation Software,VisBook
Reservation Software,WeeBnB
Reservation Software,Witbooking
Reservation Software,WuBook
Reservation Software,Yelp Reservations
Reservation Software,Zonal Bookings
Reservation Software,Zuppler
Reservation Software,Expedia
Reservation Software,Amadeus
Retargeting,Adcrowd
Retargeting,AdExtent
Retargeting,AdRoll
Retargeting,Buysight
Retargeting,Captify
Retargeting,Chango
Retargeting,Fetchback
Retargeting,Google Remarketing
Retargeting,Heais by Adnologies
Retargeting,Kupona
Retargeting,Leadback
Retargeting,Magnetic
Retargeting,mainADV
Retargeting,mediaFORGE
Retargeting,Merchenta
Retargeting,Meteora
Retargeting,MyThings
Retargeting,NextPerf
Retargeting,Perfect Audience
Retargeting,Realtime Targeting
Retargeting,ReTargeter
Retargeting,RTB House
Retargeting,Sociomantic
Retargeting,Struq
Retargeting,Tacoda
Retargeting,Target Performance
Retargeting,Tellapart
Retargeting,Ve Interactive
Retargeting,Veruta
Retargeting,Vizury
Retargeting,webtraffic
Retargeting,Xplosion
Retargeting,Xplosion Interactive
Retargeting,Yahoo Retargeting
Retargeting,Yieldr
Retargeting,Blue
Retargeting,Fixel
Retargeting,Linx Impulse
Retargeting,Meazy
Retargeting,Notix
Retargeting,PebblePost
Retargeting,Revenue Roll
Retargeting,SharpSpring Ads
Retargeting,Smarter Click
Retargeting,Socioh
Retargeting,Squadata
Retargeting,Uzerly
SSL Certificates,AWS Certificate Manager
SSL Certificates,DigiCert
SSL Certificates,GeoTrust
SSL Certificates,GlobalSign
SSL Certificates,GoDaddy
SSL Certificates,OpenSSL
SSL Certificates,Thawte SSL
Search Appliances,Apache Solr
Search Appliances,Bing
Search Appliances,Elastic Enterprise Search
Search Appliances,Elasticsearch
Search Appliances,Endeca
Search Appliances,Google AFS
Search Appliances,Google Custom Search
Search Appliances,SLI Systems
Search Appliances,SmartSearch
Search Appliances,Addsearch
Search Appliances,Apisearch
Search Appliances,Athena Search
Search Appliances,Attraqt
Search Appliances,Awesomplete
Search Appliances,Baidu Search Box
Search Appliances,Bloomreach Discovery
Search Appliances,Cludo
Search Appliances,Constructor.io
Search Appliances,Dalue
Search Appliances,ElasticSuite
Search Appliances,ExpertRec
Search Appliances,Fact Finder
Search Appliances,FAST ESP
Search Appliances,FAST Search for SharePoint
Search Appliances,Findberry
Search Appliances,Findify
Search Appliances,Goodsearch
Search Appliances,Kapa.ai
Search Appliances,Layers
Search Appliances,MageWorx Search Autocomplete
Search Appliances,Mars Flag
Search Appliances,Nova Busca
Search Appliances,Orama
Search Appliances,Queryly
Search Appliances,Search Magic
Search Appliances,Searchanise
Search Appliances,Searchine
Search Appliances,Searchtap
Search Appliances,SEO Manager
Search Appliances,SniperFast
Search Appliances,Typesense
Search Appliances,VuFind
Search Appliances,WizSoft
Search Appliances,Zevi
Search Marketing,Acquisio
Search Marketing,Algolia
Search Marketing,Baidu
Search Marketing,BloomReach
Search Marketing,Brand Rep
Search Marketing,BrightEdge
Search Marketing,Cint
Search Marketing,Doofinder
Search Marketing,HitTail
Search Marketing,IgnitionOne
Search Marketing,Klevu
Search Marketing,Marin
Search Marketing,SE Ranking
Search Marketing,SearchDex
Search Marketing,SearchMetrics
Search Marketing,Web CEO
Search Marketing,Wishpond
Search Marketing,Wordstream
Search Marketing,Yandex.Direct
Search Marketing,YourAmigo
Search Marketing,All in One SEO
Search Marketing,Alli
Search Marketing,Atomseo
Search Marketing,Attracta
Search Marketing,Auto HQ
Search Marketing,BlogHunch
Search Marketing,Farazi Bilişim
Search Marketing,Linguana
Search Marketing,Mieruca
Search Marketing,Nowfloats
Search Marketing,On The Map
Search Marketing,Realist
Search Marketing,RioSEO
Search Marketing,SEOmatic
Search Marketing,SEOmator
Search Marketing,SEOPress
Search Marketing,SiteBooster
Search Marketing,Spotzer
Search Marketing,Submit Express
Search Marketing,Whitespark SEO
Search Marketing,WordLift
Search Marketing,WP SEO AI
Search Marketing,Yoast SEO for Shopify
Search Marketing,Ahrefs
Search Marketing,Semrush
Search Marketing,Yoast SEO
Security,SpamExperts
Security,Have I Been Pwned
Security,spycloud
Security,mailguard
Security,nordpass
Security,Accertify Fraud Management
Security,Acronis Cyber Protect
Security,Akamai App & API Protector
Security,Akamai Bot Manager
Security,Arculix by SecureAuth
Security,Auth0
Security,AWS WAF
Security,Azure Active Directory
Security,Azure Web Application Firewall
Security,Barracuda Networks
Security,BBB seal
Security,BeyondTrust
Security,BigID
Security,Biocatch
Security,Bitdefender
Security,Bitsight
Security,Bitwarden
Security,Bugcrowd
Security,CensorNet
Security,Check Point Harmony SASE
Security,Cisco Anyconnect Secure Mobility Client
Security,Cisco ASA 5500-X Series
Security,Cisco Meraki MX
Security,Cisco Secure Email Threat Defense
Security,Cloudflare Bot Management
Security,Cloudflare WAF
Security,CyberArk
Security,CyberArk Privileged Access Manager
Security,DataDome
Security,Datagrail
Security,Delinea Secret Server
Security,Echoworx Email Encryption Platform
Security,Entrust
Security,Evidon Seal
Security,F5 BIG-IP Access Policy Manager
Security,F5 BIG-IP Advanced Web Application Firewall
Security,Firebase Authentication
Security,Fireblocks
Security,FireEye
Security,Forcepoint
Security,Forcepoint DLP for Cloud Email
Security,FortiWeb
Security,GeoTrust Verification
Security,GoDaddy Verified
Security,Google Cloud IoT Core
Security,GoSecure
Security,HONESTe Online
Security,IBM Security Access Manager
Security,Imperva
Security,Imperva Web Application Firewall
Security,Imprivata
Security,Imprivata Enterprise Access Management
Security,Keycloak
Security,KnowBe4
Security,McAfee
Security,Microsoft Active Directory
Security,Microsoft Entra External ID
Security,Netskope
Security,Network Solutions Seal
Security,Okta
Security,Omada Identity
Security,Omnigo
Security,One Identity- Identity Manager
Security,OneLogin
Security,OneSpan
Security,OpenVPN Access Server
Security,Oracle Identity Management
Security,Palo Alto Networks GlobalProtect
Security,Ping Identity
Security,PingFederate
Security,PingID
Security,PingOne Protect
Security,Prisma SASE
Security,Proofpoint
Security,Rapid7
Security,Restricted To Adults
Security,Retarus
Security,RSA SecureID Plus
Security,Securiti
Security,SecurityScorecard
Security,Sift Science
Security,Silversky Managed Security Services
Security,Sitelock
Security,SiteMinder
Security,Snyk
Security,SonicWall
Security,SonicWall Email Security
Security,Sophos
Security,Sophos Central
Security,Specops Authentication for O365
Security,Starfield
Security,Sucuri
Security,Symantec Data Loss Prevention
Security,Symantec VIP
Security,Thales SafeNet Trusted Access
Security,Thawte Seal
Security,Tor
Security,Tor Browser
Security,TrackTik
Security,Trend Micro
Security,Truste
Security,TrustGuard
Security,Trustwave
Security,Trustwave Seal
Security,Vanta
Security,Verisign Seal
Security,Verkada
Security,VirusTotal
Security,WALLIX Bastion
Security,WatchGuard AuthPoint
Security,WordFence
Security,WSO2 Identity Server
Security,Zivver Email Encryption
Security,Zscaler
Security,Cisco Anyconnect
Security,Akamai Web Application Protector
Security,Alibaba Cloud Verification Code
Security,Alliance Auth
Security,Altcha
Security,AntiBot.Cloud
Security,Apereo CAS
Security,Apple Sign-in
Security,Applied CSR24
Security,Apruvd
Security,Arkose Labs
Security,Auth0 Lock
Security,authorized.by
Security,Authy
Security,AWS WAF Captcha
Security,Basic
Security,Blankshield
Security,c/side
Security,Captch Me
Security,CleanTalk
Security,ClickCease
Security,ClickReport
Security,CoinHive Captcha
Security,Combahton FlowShield
Security,ComplyAuto
Security,Dataships
Security,DDoS-Guard
Security,Digest
Security,FOCUS WebWall
Security,Forter
Security,Fraud Blocker
Security,FraudLabs Pro
Security,Friendly Captcha
Security,FUGU
Security,GeeTest
Security,hCaptcha
Security,HSTS
Security,Human Presence
Security,Imunify360
Security,Jumio
Security,Kerberos
Security,Kiprotect
Security,Konduto
Security,LINE Login
Security,Linkedin Sign-in
Security,MagicLabs
Security,MetaMap
Security,Mollom
Security,MTCaptcha
Security,Negate
Security,NexusPIPE
Security,NoFraud
Security,NTLM
Security,Onfido
Security,Oxi Social Login
Security,Passage
Security,Passport.js
Security,Picatcha
Security,Preeco
Security,RapidSec
Security,Really Simple SSL & Security
Security,Regula
Security,RingCaptcha
Security,SafeBase
Security,SAP Customer Data Cloud Sign-in
Security,SecureMetrics
Security,Seon
Security,SimpleSAMLphp
Security,Slider Captcha
Security,SnapHost
Security,Socure
Security,SPNEGO
Security,Sqreen
Security,StarTest
Security,Super Socializer
Security,Testflow
Security,Token of Trust
Security,Trezor
Security,TruValidate
Security,v4Guard Checkpoint
Security,VAPTCHA
Security,Variti
Security,VentryShield
Security,Very Good Security
Security,WAR.PE
Security,WWPass
Security,Yandex SmartCaptcha
Security,CLEAR
Security,GFI
Security,Milestone
Security,SailPoint
Security,SonarQube
Security,Vera
Shipping,BluJay
Shipping,BluJay Parcel
Shipping,Descartes MacroPoint
Shipping,DHL Global Forwarding
Shipping,FedEx
Shipping,GEODIS
Shipping,Pitney Bowes
Shipping,Planio
Shipping,project44
Shipping,ShipHero
Shipping,Shippo
Shipping,Transporeon
Shipping,UPS
Shipping,Australia Post
Shipping,Bobgo
Shipping,Correos
Shipping,Corso
Shipping,CTT
Shipping,Cubyn
Shipping,Deliverr
Shipping,DHL
Shipping,Enviopack
Shipping,Malomo
Shipping,MapMyChannel
Shipping,Pickrr
Shipping,Planzer
Shipping,PostNL
Shipping,Sherpa
Shipping,Shipup
Shipping,Shoprunner
Shipping,T1 Envios
Shipping,VeraCore
Shipping,Waaship
Shipping,USPS
Shipping,Route
Site and Cart Abandonment,Abandonaid
Site and Cart Abandonment,CartStack
Site and Cart Abandonment,Exitmonitor
Site and Cart Abandonment,Granify
Site and Cart Abandonment,OptiLead
Site and Cart Abandonment,Optimonk
Site and Cart Abandonment,PicReel
Site and Cart Abandonment,Rejoiner
Site and Cart Abandonment,SaleCycle
Site and Cart Abandonment,Spring Metrics
Site and Cart Abandonment,Upsellit
Site and Cart Abandonment,Yieldify
Site and Cart Abandonment,CareCart
Site and Cart Abandonment,CartBot
Site and Cart Abandonment,CartHook
Site and Cart Abandonment,CartRocket
Site and Cart Abandonment,GetRooster
Site and Cart Abandonment,Keptify
Site and Cart Abandonment,PushOwl Web Push Notifications
Site and Cart Abandonment,Recapture
Site and Cart Abandonment,SpurIT Abandoned Cart Reminder
Site and Cart Abandonment,Uptain
Small Business Marketing Software,EyeCarePro
Small Business Marketing Software,Hibu
Small Business Marketing Software,PetWise Marketing
Small Business Marketing Software,Prosites
Small Business Marketing Software,Thryv
Small Business Marketing Software,VetShout
Social Login,CoffeeBean
Social Login,Dito
Social Login,Facebook Login
Social Login,Gigya
Social Login,Google Plus
Social Login,Intuit Login
Social Login,LoginRadius
Social Login,OAuth.io
Social Login,OneAll
Social Login,ShopSocially
Social Login,SocialPlus
Social Login,Twitter Widgets
Social Login,WP-Oauth
Social Login,Yahoo Login
Social Login,OpenID
Social Media Marketing,Accusoft
Social Media Marketing,Mighty Networks
Social Media Marketing,Agropulse
Social Media Marketing,Ambassador
Social Media Marketing,BuddyMedia
Social Media Marketing,Buffer
Social Media Marketing,ByteDance
Social Media Marketing,Chute
Social Media Marketing,CoverItLive
Social Media Marketing,Curalate
Social Media Marketing,Curebit
Social Media Marketing,Extole
Social Media Marketing,Facebook
Social Media Marketing,FeedMagnet
Social Media Marketing,Flickr
Social Media Marketing,Friendbuy
Social Media Marketing,Gleam
Social Media Marketing,Iconosquare
Social Media Marketing,Instagram for Business
Social Media Marketing,Later Social
Social Media Marketing,Madwire
Social Media Marketing,MassRelevance
Social Media Marketing,Nanigans
Social Media Marketing,Netbase
Social Media Marketing,Offerpop
Social Media Marketing,Oktopost
Social Media Marketing,Olapic
Social Media Marketing,Pinterest
Social Media Marketing,Pixlee
Social Media Marketing,Planoly
Social Media Marketing,Postano
Social Media Marketing,Readypulse
Social Media Marketing,RebelMouse
Social Media Marketing,Reddit for business
Social Media Marketing,ReferralCandy
Social Media Marketing,ScribbleLive
Social Media Marketing,Seesmic
Social Media Marketing,Sendible
Social Media Marketing,SKEEPERS Influencer Marketing
Social Media Marketing,Smartify
Social Media Marketing,Snap
Social Media Marketing,SOCi
Social Media Marketing,Social Intents
Social Media Marketing,SocialBro
Social Media Marketing,SocialTwist
Social Media Marketing,Spredfast
Social Media Marketing,Sprinklr
Social Media Marketing,Sprinklr Social
Social Media Marketing,Stackla
Social Media Marketing,Tagboard
Social Media Marketing,ThisMoment
Social Media Marketing,Tint
Social Media Marketing,Traackr
Social Media Marketing,TradableBits
Social Media Marketing,Upfluence
Social Media Marketing,uSocial
Social Media Marketing,VideoBloom
Social Media Marketing,Videogenie
Social Media Marketing,ViralNinjas
Social Media Marketing,Wayin
Social Media Marketing,Weibo
Social Media Marketing,X (Twitter)
Social Media Marketing,Xiaohongshu
Social Media Marketing,Later
Social Media Marketing,Product Hunt
Social Sharing,AddShoppers
Social Sharing,AddThis
Social Sharing,Asksuite
Social Sharing,Facebook Like Button
Social Sharing,Facebook Social Plugins
Social Sharing,Gigya Share
Social Sharing,Google Plus One
Social Sharing,Hatena Bookmark
Social Sharing,Hupso
Social Sharing,Instagram
Social Sharing,Janrain Social Share
Social Sharing,Shareaholic
Social Sharing,ShareThis
Social Sharing,Twitter Sharing
Supply Side Platforms,E2open
Supply Side Platforms,"Magnite, for Sellers"
Supply Side Platforms,Manhattan Associates
Supply Side Platforms,PubMatic
Supply Side Platforms,Sonobi
Supply Side Platforms,Zedo
Support and Feedback,15five
Support and Feedback,BrightPearl
Support and Feedback,Bugzilla
Support and Feedback,CentraStage RMM
Support and Feedback,ClickDesk
Support and Feedback,ConnectWise
Support and Feedback,Desk.com
Support and Feedback,drchrono
Support and Feedback,EasyVista Self Help
Support and Feedback,Elevio
Support and Feedback,Enalyzer
Support and Feedback,ePet Health
Support and Feedback,Estara
Support and Feedback,Ethnio
Support and Feedback,Feedbackify
Support and Feedback,ForeSee
Support and Feedback,Freshdesk
Support and Feedback,Freshservice
Support and Feedback,GetFeedback
Support and Feedback,GetSatisfaction
Support and Feedback,Groove
Support and Feedback,HaloITSM
Support and Feedback,Helpscout
Support and Feedback,Helpshift
Support and Feedback,IdeaScale
Support and Feedback,Inline Manual
Support and Feedback,InMoment
Support and Feedback,Intercom
Support and Feedback,iPerceptions
Support and Feedback,Jira Service Management
Support and Feedback,Kampyle
Support and Feedback,KarmaSoft
Support and Feedback,Kayako
Support and Feedback,Kustomer
Support and Feedback,LogMeIn - Rescue
Support and Feedback,MemberClicks
Support and Feedback,mHelpDesk
Support and Feedback,Moveworks
Support and Feedback,Needle
Support and Feedback,Oracle Support
Support and Feedback,Parature
Support and Feedback,PerfectMind
Support and Feedback,Qualaroo
Support and Feedback,Qualtrics
Support and Feedback,Questback
Support and Feedback,RightSignature
Support and Feedback,Rosy Salon Software
Support and Feedback,SOAP Vault
Support and Feedback,Spigit
Support and Feedback,SurveyMonkey
Support and Feedback,Surveypal
Support and Feedback,SysAid
Support and Feedback,TeamDynamix IT Service Management
Support and Feedback,TeamSupport
Support and Feedback,Userback
Support and Feedback,Userecho
Support and Feedback,UserMood
Support and Feedback,UserNeeds
Support and Feedback,UserReport
Support and Feedback,Usersnap
Support and Feedback,UserVoice
Support and Feedback,Webropol
Support and Feedback,Zendesk
Support and Feedback,Zendesk Support Suite
Support and Feedback,Zoho Assist
Support and Feedback,Bestie
Support and Feedback,Brandquiz
Support and Feedback,Clicktools
Support and Feedback,coUrbanize
Support and Feedback,CustomerSure
Support and Feedback,Doorbell
Support and Feedback,EasyPolls
Support and Feedback,FeedbackAutomatic
Support and Feedback,Guest Suite
Support and Feedback,Hotjar Incoming Feedback
Support and Feedback,HulkApps Form Builder
Support and Feedback,Impressure
Support and Feedback,Informizely
Support and Feedback,Iterate
Support and Feedback,Mosio
Support and Feedback,OpinionBar
Support and Feedback,Pollster
Support and Feedback,Pulse Insights
Support and Feedback,Qualitando
Support and Feedback,Recommy
Support and Feedback,Refiner
Support and Feedback,Segmanta
Support and Feedback,Service Management Group
Support and Feedback,SimpleSat
Support and Feedback,Tally
Support and Feedback,Yay! Forms
Support and Feedback,Onsite Support
Support and Feedback,Glance
Tag Management,Adobe DTM
Tag Management,Adobe Tag Management
Tag Management,Datalicious SuperTag
Tag Management,DoubleClick Floodlight
Tag Management,Ensighten
Tag Management,Exactag
Tag Management,Google Tag Manager
Tag Management,Qubit OpenTag
Tag Management,SearchDiscovery Satellite
Tag Management,Signal by BrightTag
Tag Management,Tag Commander
Tag Management,TagMan
Tag Management,Tealium
Tag Management,UberTags
Tag Management,Tealium iQ Tag Management
Tag Management,Yahoo Tag Manager
Tag Management,Commanders Act TagCommander
Tag Management,Facebook Pixel Advanced Matching
Tag Management,TagPro
Video Advertising Networks,AdapTV
Video Advertising Networks,AdOcean
Video Advertising Networks,AdvertServe
Video Advertising Networks,Amazon Video Ads
Video Advertising Networks,Animoto
Video Advertising Networks,Brightroll
Video Advertising Networks,Coull
Video Advertising Networks,eBuzzing
Video Advertising Networks,Google Interactive Media Ads SDK
Video Advertising Networks,HippoVideo
Video Advertising Networks,Idomoo
Video Advertising Networks,Innovid
Video Advertising Networks,Invodo
Video Advertising Networks,Mediabong
Video Advertising Networks,Mixpo
Video Advertising Networks,NDN
Video Advertising Networks,Piksel
Video Advertising Networks,PointRoll
Video Advertising Networks,Selectable Media
Video Advertising Networks,Smartclip
Video Advertising Networks,SpotXchange
Video Advertising Networks,Teads
Video Advertising Networks,Treepodia
Video Advertising Networks,Tremor Video
Video Advertising Networks,TubeMogul
Video Advertising Networks,Unicorn Media
Video Advertising Networks,Unruly
Video Advertising Networks,Videology
Video Advertising Networks,Virool
Video Advertising Networks,YouTube Advertising
Video Advertising Networks,YuMe
Web Accelerators,Aptimize
Web Accelerators,CloudFlare
Web Accelerators,Digital Fulcrum GhostWriter
Web Accelerators,mod_page_speed
Web Accelerators,OpenResty
Web Accelerators,Page Speed Service
Web Accelerators,StrangeLoop
Web Accelerators,Webo
Web Accelerators,FastPixel
Web Accelerators,Google PageSpeed
Web Accelerators,Litespeed Cache
Web Accelerators,NitroPack
Web Accelerators,Oracle Web Cache
Web Accelerators,RabbitLoader
Web Accelerators,RackCache
Web Accelerators,Redis Object Cache
Web Accelerators,Sitecore Experience Edge
Web Accelerators,W3 Total Cache
Web Accelerators,WordPress Super Cache
Web Accelerators,WP Rocket
Web Accelerators,wpCache
Web Accelerators,WPCacheOn
Web Accelerators,HTTP/3
Web Performance Monitoring,Airbrake
Web Performance Monitoring,Akamai mPulse
Web Performance Monitoring,AlertSite by Smartbear
Web Performance Monitoring,AppDynamics
Web Performance Monitoring,Boomerang JS library
Web Performance Monitoring,Bucky
Web Performance Monitoring,Catchpoint
Web Performance Monitoring,Cedexis Radar
Web Performance Monitoring,CopperEgg
Web Performance Monitoring,Datadog
Web Performance Monitoring,Datadog APM
Web Performance Monitoring,DX Application Performance Management
Web Performance Monitoring,dynaTrace
Web Performance Monitoring,Dynatrace Application Monitoring
Web Performance Monitoring,Gomez
Web Performance Monitoring,Google Speed Analytics
Web Performance Monitoring,IBM Instana
Web Performance Monitoring,Insight Hub
Web Performance Monitoring,Keynote
Web Performance Monitoring,Lognormal
Web Performance Monitoring,Netdata
Web Performance Monitoring,New Relic
Web Performance Monitoring,New Relic One
Web Performance Monitoring,OpenNMS Platform
Web Performance Monitoring,Pingdom
Web Performance Monitoring,R17
Web Performance Monitoring,Raygun
Web Performance Monitoring,Rollbar
Web Performance Monitoring,Site24x7
Web Performance Monitoring,SpeedCurve
Web Performance Monitoring,StatusPage IO
Web Performance Monitoring,ThousandEyes
Web Performance Monitoring,Torbit Insight
Web Performance Monitoring,Better Uptime
Web Performance Monitoring,Uptrends
Web Performance Monitoring,AiSpeed
Web Performance Monitoring,Atatus
Web Performance Monitoring,Blitz
Web Performance Monitoring,Dynatrace RUM
Web Performance Monitoring,Google Cloud Trace
Web Performance Monitoring,Gumlet
Web Performance Monitoring,Hyperspeed
Web Performance Monitoring,Intersection Observer
Web Performance Monitoring,Jumbo
Web Performance Monitoring,Loadify
Web Performance Monitoring,Naver RUA
Web Performance Monitoring,Partytown
Web Performance Monitoring,Piio
Web Performance Monitoring,Pingdom RUM
Web Performance Monitoring,Priority Hints
Web Performance Monitoring,Quadran
Web Performance Monitoring,Quanta
Web Performance Monitoring,Queue-it
Web Performance Monitoring,Quicksprout
Web Performance Monitoring,Quicq
Web Performance Monitoring,Request Metrics
Web Performance Monitoring,Sections.design Shopify App Optimization
Web Performance Monitoring,Sematext Experience
Web Performance Monitoring,Speedimize
Web Performance Monitoring,SpeedOf.Me
Web Performance Monitoring,SpeedSize
Web Performance Monitoring,Splunk RUM
Web Performance Monitoring,StatusCake
Web Performance Monitoring,Superspeed
Web Performance Monitoring,Turbolinks
Web Performance Monitoring,Wakav Performance Monitoring
Web Performance Monitoring,Website Speedy
Web Performance Monitoring,New Relic APM
Web Performance Monitoring,Sentry
Web Presentation Tools,Adobe Acrobat
Web Presentation Tools,Adobe Animate
Web Presentation Tools,Adobe Connect
Web Presentation Tools,Adobe Dreamweaver
Web Presentation Tools,Adobe Fireworks
Web Presentation Tools,Adobe Illustrator
Web Presentation Tools,Adobe Photoshop CC
Web Presentation Tools,Adobe Presenter
Web Presentation Tools,Adobe XD
Web Presentation Tools,Animaker
Web Presentation Tools,Apple Keynote
Web Presentation Tools,Appsmith
Web Presentation Tools,ArcGIS Web AppBuilder
Web Presentation Tools,Axure RP
Web Presentation Tools,Balsamiq
Web Presentation Tools,Bannersnack
Web Presentation Tools,Brighttalk
Web Presentation Tools,Camtasia
Web Presentation Tools,CodePen
Web Presentation Tools,CoffeeCup HTML Editor
Web Presentation Tools,Dassault 3DVIA
Web Presentation Tools,Demio
Web Presentation Tools,Framer
Web Presentation Tools,FusionCharts
Web Presentation Tools,Fuze
Web Presentation Tools,Genially
Web Presentation Tools,Google Charts
Web Presentation Tools,Google Web Designer
Web Presentation Tools,GoToMeeting
Web Presentation Tools,GoToWebinar
Web Presentation Tools,HTML5 Maker
Web Presentation Tools,Hubilo
Web Presentation Tools,Infogram
Web Presentation Tools,Justinmind
Web Presentation Tools,Knowledge Vision
Web Presentation Tools,Livestorm
Web Presentation Tools,MediaPlatform
Web Presentation Tools,Mentimeter
Web Presentation Tools,Microsoft PowerPoint
Web Presentation Tools,Microsoft Publisher
Web Presentation Tools,Mockplus
Web Presentation Tools,Moqups
Web Presentation Tools,ON24
Web Presentation Tools,Pano2VR
Web Presentation Tools,Personify
Web Presentation Tools,Piktochart Visual
Web Presentation Tools,Powtoon
Web Presentation Tools,Prezi
Web Presentation Tools,Proto.io
Web Presentation Tools,ProtoPie
Web Presentation Tools,ReadyTalk
Web Presentation Tools,Screencastify
Web Presentation Tools,SketchUp
Web Presentation Tools,SmartDraw
Web Presentation Tools,Studio Studio
Web Presentation Tools,UXPin
Web Presentation Tools,VideoScribe
Web Presentation Tools,Visme
Web Presentation Tools,WebinarJam
Web Presentation Tools,Zoom Webinar
Web Presentation Tools,WYSIWYG Web Builder
Web Presentation Tools,Xara
Web Presentation Tools,Zuddl
Widgets,Amazon Widgets
Widgets,Angies List
Widgets,Appcues
Widgets,Aviary
Widgets,Bing Accredited Professional Tag
Widgets,BlueKnow
Widgets,BugHerd
Widgets,CookieYes
Widgets,CustomerLobby
Widgets,Drift
Widgets,Errorception
Widgets,FareHarbor
Widgets,Genesys
Widgets,Getsitecontrol
Widgets,Ghostery
Widgets,GitHub Buttons
Widgets,GitHub Fork
Widgets,GitHub Gist
Widgets,GitHub Pages
Widgets,Google Play
Widgets,Google translate API
Widgets,Google translate widget
Widgets,Hellobar
Widgets,iTunes
Widgets,Kajabi
Widgets,Kelly Blue Book Widget
Widgets,LearnDash
Widgets,LifterLMS
Widgets,MemberPress
Widgets,Microsoft Power BI
Widgets,Multilingual
Widgets,OneTrust
Widgets,Peek
Widgets,Pubexchange
Widgets,Rateabiz
Widgets,Reamaze
Widgets,RingCentral
Widgets,Searchify
Widgets,Skype Widget
Widgets,Slimbox
Widgets,Snapwidget
Widgets,SureCritic
Widgets,TripTease (Price Check)
Widgets,Typeform
Widgets,Zapier
Widgets,Zoho SalesIQ
Widgets,Zoho Survey
Widgets,Accessibly
Widgets,AccessiWay
Widgets,Adally
Widgets,AddToAny
Widgets,Alboom Proof
Widgets,Algolia DocSearch
Widgets,All in One Accessibility
Widgets,Allyable
Widgets,Allyant
Widgets,Amap
Widgets,AnswerDash
Widgets,Apple MapKit JS
Widgets,AppuOnline
Widgets,ArcGIS API for JavaScript
Widgets,Arena
Widgets,Avasize
Widgets,Babylist
Widgets,BandsInTown Events Widget
Widgets,Beyond
Widgets,Blessing Skin
Widgets,Bloom Portfolio
Widgets,Booking.com widget
Widgets,Booksy
Widgets,Buttonizer
Widgets,Buy me a coffee
Widgets,Buyee
Widgets,bxSlider
Widgets,Caast.tv
Widgets,Captivate.fm
Widgets,Carbonfact
Widgets,CARTO Analytics
Widgets,Chameleon Power
Widgets,Chatango
Widgets,Chevereto
Widgets,Clickbooq
Widgets,Cloverly
Widgets,ClustrMaps Widget
Widgets,CodeSandbox
Widgets,Community Box
Widgets,Conditional Fields for Contact Form 7
Widgets,ContentViews
Widgets,Contextual Related Posts
Widgets,Cool Tag Cloud
Widgets,Cool Timeline
Widgets,Coppermine
Widgets,Countdown Timer Ultimate
Widgets,Crayon Syntax Highlighter
Widgets,Crobox
Widgets,CTAwidget
Widgets,Custom Twitter Feeds
Widgets,Daily Deals
Widgets,DailyKarma
Widgets,Develic Omnium Maps
Widgets,digi·access
Widgets,Droxit
Widgets,Dynamic Conditions
Widgets,EagleView
Widgets,Elementor Addon Elements
Widgets,Elfsight
Widgets,Email Encoder for Wordpress
Widgets,Embed Any Document
Widgets,Embed PDF Viewer
Widgets,Embedly
Widgets,EmbedPress
Widgets,EmbedSocial
Widgets,Enable
Widgets,Envybox
Widgets,EqualWeb
Widgets,eSSENTIAL Accessibility
Widgets,EverWondr
Widgets,EX.CO
Widgets,Facil-iti
Widgets,FeederNinja
Widgets,FeedSpring
Widgets,FileHippo
Widgets,Fillout
Widgets,FitVids.JS
Widgets,Flockler
Widgets,Forethought Solve
Widgets,FoxPush
Widgets,FullCalendar
Widgets,Gallery
Widgets,Geoapify
Widgets,GetButton
Widgets,GoCertify
Widgets,Gridster
Widgets,Gumstack
Widgets,Handtalk
Widgets,Headroom.js
Widgets,Here
Widgets,HikeOrders
Widgets,HT Mega
Widgets,HurryTimer
Widgets,Imagekit
Widgets,Instagram Feed for WordPress
Widgets,InteractiveCalculator
Widgets,JAlbum
Widgets,Ko-fi
Widgets,Level Access
Widgets,Lifter Apps Pop-up Window
Widgets,Lightfolio
Widgets,Lychee
Widgets,MagicBell
Widgets,Magixite
Widgets,MailOptin
Widgets,Mangeznotez
Widgets,Mapbox GL JS
Widgets,Mapbox.js
Widgets,MapLibre GL JS
Widgets,Mapline
Widgets,MapLoco
Widgets,Mapme
Widgets,Mappedin
Widgets,Mapplic
Widgets,Maptalks
Widgets,Maptiler
Widgets,Marketo Forms
Widgets,Marshal
Widgets,Max Mega Menu
Widgets,Meebo
Widgets,Meeting Scheduler
Widgets,Meks Simple Flickr Widget
Widgets,Mesmerize Companion
Widgets,Metronet Profile Picture
Widgets,MICE Operations
Widgets,MiloTree
Widgets,MiniOrange Login
Widgets,Morningtrain
Widgets,Mulberry
Widgets,MyBlogLog
Widgets,Nagich
Widgets,Naver Maps
Widgets,Navidium Shipping Protection
Widgets,Neshan
Widgets,NextGEN Gallery
Widgets,Nextsale
Widgets,NowButtons
Widgets,OkMenu
Widgets,Omny Studio
Widgets,Ookla Speedtest Custom
Widgets,OpenLayers
Widgets,Owids
Widgets,PageLayer
Widgets,PayKickStart
Widgets,PhotoSwipe
Widgets,phpAlbum
Widgets,Piman
Widgets,Pinboard
Widgets,Piwigo
Widgets,Pixpa
Widgets,Plum Popup
Widgets,Pocket
Widgets,Podigee
Widgets,Poloda AI
Widgets,Popupular
Widgets,POWR
Widgets,Priice
Widgets,Prolo Finder
Widgets,ProvenExpert
Widgets,Proximis
Widgets,PushAd
Widgets,Q4 Cookie Monster
Widgets,RateParity
Widgets,ReadAloud
Widgets,ReadSpeaker
Widgets,Recite Me
Widgets,Regiondo
Widgets,Remixd
Widgets,Replyment
Widgets,RevolverMaps
Widgets,Rezdy
Widgets,Rezgo
Widgets,Ruby Receptionists
Widgets,Salesfloor
Widgets,Sassy Social Share
Widgets,Seatics
Widgets,Setmore
Widgets,ShoppingGives
Widgets,Silktide
Widgets,Sirv
Widgets,Slider Revolution
Widgets,Social9
Widgets,Sorry
Widgets,Sporcle
Widgets,Spotify Widgets
Widgets,SpurIT
Widgets,Squadded
Widgets,Stockist
Widgets,Storeify Store Locator
Widgets,StorePoint
Widgets,StorifyMe
Widgets,Strava
Widgets,Streamwood
Widgets,Supademo
Widgets,Tagembed
Widgets,Taggbox
Widgets,TeamBrain
Widgets,TerriaJS
Widgets,Texthelp
Widgets,Theasys
Widgets,Tiqets
Widgets,TomTom Maps
Widgets,Topic'it
Widgets,Transistor.fm
Widgets,Trinity Audio
Widgets,Tripadviser.Widget
Widgets,Ucalc
Widgets,uRemediate
Widgets,User Accessibility
Widgets,VerifyPass
Widgets,Voice Intuitive
Widgets,Volley
Widgets,Web Stories
Widgets,Webestools
Widgets,Wfolio
Widgets,Wheelio
Widgets,Whooshkaa
Widgets,Wisepops
Widgets,Worldz
Widgets,Wowee
Widgets,Yandex.Messenger
Widgets,Yelp Review Badge
Widgets,ZeeMaps
Database,1010data
Database,Amazon DynamoDB
Database,Amazon Relational Database Service
Database,Apache Druid
Database,ArangoDB
Database,Azure Cosmos DB
Database,Azure Database for MySQL
Database,Azure Table Storage
Database,Beeline VMS
Database,Caspio
Database,Claris FileMaker
Database,ClickHouse
Database,Cloudera Manager
Database,Couchbase
Database,CouchDB
Database,DataStax
Database,Dell EMC Elastic Cloud Storage
Database,DuckDB
Database,Google Cloud Firestore
Database,Google Firebase Realtime Database
Database,GraphQL
Database,Hasura
Database,IBM Informix Genero
Database,InfluxDB
Database,InterSystems
Database,InterSystems Cache
Database,InterSystems Ensemble
Database,InterSystems IRIS
Database,MarkLogic
Database,Milvus
Database,MongoDB Atlas
Database,MongoDB Realm
Database,Neo4j
Database,Oracle APEX
Database,Oracle Autonomous Database
Database,Oracle Cloud Database Services
Database,phpMyAdmin
Database,Progress OpenEdge
Database,Qlik Cloud
Database,Quickbase
Database,RavenDB
Database,RDS Advantage
Database,Riversand
Database,SAP HANA
Database,SAP Sybase EAServer
Database,SingleStore
Database,Stardog
Database,Stibo MDM
Database,Stibo PIM
Database,Stibo Systems
Database,Supabase
Database,Tigergraph
Database,Titan
Database,Veeva Network
Database,Weaviate
Database,Adminer
Database,Dimensions AI
Database,Knack
Database,phpPgAdmin
Database,PouchDB
Database,Qiyeku
Database,SQL Buddy
Database,Virtuoso
Database,Aurora
Database,Microsoft Sql Server
Database,Airtable
Healthcare Data Standards,FHIR
